Country Name,Country Code,1991,1992,1993,1994,1995,1996,1997,1998,1999,2000,2001,2002,2003,2004,2005,2006,2007,2008,2009,2010,2011,2012,2013,2014,2015,2016,2017,2018,2019,2020,2021,2022,2023,Year,CO2_Emissions_Per_Capita
Aruba,ABW,3.432681802,3.631620897,3.411820588,3.680649526,3.937096673,2.488526999,3.970985272,3.967168263,3.965023032,2.965072637,2.969192576,3.22132198,3.671291126,3.667304337,3.941209607,4.262361048,4.568147778,4.498746495,4.849218535,4.734971229,2.828708171,3.600998943,3.901585048,4.126134055,4.281504272,4.459793795,4.291166598,4.27792265,5.108834006,4.168086419,4.648096565,4.684558755,4.936707682,1990,3.201440569
Africa Eastern and Southern,AFE,1.174578007,1.123987955,1.093278599,1.088835819,1.11724841,1.128709727,1.145021672,1.136120713,1.073663127,1.062240409,1.064005253,1.069149856,1.096139047,1.150298733,1.15243439,1.142417212,1.16052182,1.192123437,1.108091443,1.107587414,1.067058723,1.073628687,1.086449162,1.096416272,1.043372669,1.026116204,1.012872687,0.997156909,0.983491717,0.845417186,0.863532874,0.816361437,0.784640732,1990,1.232868988
Afghanistan,AFG,0.232619344,0.137051251,0.119439166,0.103699548,0.085726829,0.079782626,0.075037566,0.074133627,0.069163057,0.05047608,0.046572949,0.044077783,0.044340731,0.037897929,0.051887829,0.055392338,0.07756123,0.144751528,0.221465726,0.275380975,0.388742453,0.319626608,0.262469648,0.238642815,0.246706025,0.216929892,0.226011227,0.215877625,0.191490829,0.180555013,0.198267958,0.20355189,0.210043425,1990,0.242593598
Africa Western and Central,AFW,0.501841936,0.528290038,0.506310369,0.477636486,0.507183274,0.571195525,0.553488161,0.518728097,0.511601787,0.533661233,0.551083899,0.502950754,0.528566211,0.510387031,0.500513165,0.464381052,0.437051092,0.451267465,0.417316125,0.456851165,0.473954567,0.470348079,0.504400161,0.513469247,0.499586915,0.506323433,0.495060473,0.509712919,0.518890459,0.49715916,0.512748783,0.505462163,0.482217276,1990,0.490402474
Angola,AGO,0.979787216,0.975473353,0.946555875,0.867215446,0.945511672,1.106402503,1.118802042,1.123819789,1.150898675,1.019576015,0.966865641,0.918494718,0.965775643,0.951069769,0.810676973,0.815387085,0.820836438,0.88603298,0.940848252,0.976178185,0.976532177,0.981682219,1.090522602,1.137202706,1.175429272,1.072053077,0.924168969,0.839018754,0.851665228,0.619138988,0.73156742,0.767587421,0.768162509,1990,0.965968712
Albania,ALB,1.34061265,0.72773995,0.688720898,0.730810192,0.649353909,0.64863592,0.502019991,0.61201267,0.992866007,1.046446017,1.123890708,1.313138928,1.385438161,1.458238835,1.377558661,1.381665852,1.429082729,1.423194135,1.460144238,1.564321026,1.716993179,1.562852861,1.647374246,1.763799434,1.688303168,1.575153307,1.858910713,1.850978378,1.73551805,1.607132726,1.792282583,1.659293031,1.672194764,1990,2.021881966
Arab World,ARB,3.072479722,3.192236679,3.321922722,3.433509575,3.448098606,3.453320596,3.531726351,3.491071953,3.464533454,3.506669346,3.628226463,3.662570903,3.683577756,3.799737436,3.97372625,4.074203344,4.133140011,4.327413953,4.371369733,4.542205018,4.5598675,4.770973998,4.749155878,4.800313015,4.796052633,4.743015013,4.71887557,4.600947837,4.572471903,4.27290949,4.400698103,4.403588402,4.384960472,1990,3.054163809
United Arab Emirates,ARE,32.2542417,29.56519272,29.66306991,31.16951896,31.79188733,31.1410229,29.92166564,28.44280447,27.29704664,25.31988007,27.19399827,26.16197932,25.95604439,25.96987063,26.25239293,25.39330419,24.3827555,26.0607102,24.65118089,25.03024089,24.95088351,25.03175291,25.3376205,24.55546539,24.293209,23.75125278,22.14604978,20.0129971,20.92386181,20.794608,21.02578633,20.5359774,19.64862576,1990,29.96891825
Argentina,ARG,3.177606554,3.190850278,3.258139023,3.313254361,3.315321748,3.563984281,3.642126438,3.794254837,3.803231674,3.675005611,3.490969061,3.262085817,3.51976128,3.857510409,3.918724707,4.104215537,4.327089125,4.435786748,4.036599735,4.296677439,4.430183946,4.479556231,4.538012193,4.418040775,4.513930258,4.422979854,4.321155547,4.251246258,4.075445377,3.76439263,4.20773344,4.26096743,4.035679689,1990,3.058612248
Armenia,ARM,5.976269356,3.073075912,1.481265051,0.8346584,1.070631377,0.791189285,1.028374245,1.082346004,0.980082001,1.108192853,1.131234822,0.969216826,1.090557738,1.187715252,1.418287567,1.421604682,1.658621355,1.829613553,1.468297456,1.411849711,1.619505268,1.874673457,1.817471873,1.911307983,1.869333688,1.796043177,1.909310599,2.004344897,2.168472574,2.334560189,2.534922189,2.454971036,2.582868033,1990,5.850042566
American Samoa,ASM,0.002088467,0.002039235,0.00199366,0.001951181,0.001911461,0.001874309,0.00183952,0.001807207,0.001777841,0.00175886,0.001752756,0.00175248,0.001755279,0.001760006,0.001766254,0.001773867,0.001782118,0.001791216,0.001800893,0.001810676,0.00182166,0.001835233,0.001851646,0.001870348,0.001891146,0.001914059,0.00193851,0.001964328,0.001991675,0.002009606,0.002031488,0.002068595,0.002104333,1990,0.002144082
Antigua and Barbuda,ATG,2.593591746,2.569716167,2.45932883,2.628547492,2.696915925,2.62023789,2.716282212,2.728829476,2.717671653,1.807454079,1.739210454,1.943348219,2.096707925,2.107496284,2.160505458,2.429159843,2.622882601,2.782468159,3.162534304,3.264181903,2.457953019,2.591107036,2.944449491,3.148763589,3.252468991,3.497871489,3.061856126,3.243296747,3.724661792,3.00394138,3.304854411,3.301378716,3.462428737,1990,2.595693401
Australia,AUS,16.18450691,16.19765502,16.27598667,16.42055126,16.81167919,17.15639492,17.49824961,18.38544434,18.50456171,18.59653067,18.69850536,18.90828055,18.66639163,19.16155756,19.03596519,19.07740202,19.23720817,19.02589834,18.91323819,18.84884769,18.47847612,18.18109558,17.53934787,16.87948544,16.81820978,16.88676245,16.70572857,16.39235952,16.09880407,15.30333755,14.97648549,14.41042324,14.01467155,1990,16.27367225
Austria,AUT,8.446334062,7.717350561,7.660967819,7.697882012,8.058739264,8.540300894,8.475144643,8.53620423,8.286125537,8.324302639,8.875080776,9.059191975,9.62461874,9.741242193,9.772930381,9.46564254,9.093884422,9.041270945,8.156977741,8.823656014,8.603166269,8.188276832,8.209216159,7.71428197,7.794914528,7.758392559,7.968829106,7.599868831,7.717772232,7.020382951,7.389102276,6.771146749,6.44071828,1990,8.017778415
Azerbaijan,AZE,7.541168704,6.082497409,5.254963441,4.543114967,4.408661197,3.658611362,3.49825535,3.459737141,3.431474116,3.577566285,3.417126936,3.363493413,3.616096477,3.551543972,3.72018089,3.764407069,3.370211973,3.677864756,3.127466193,2.94177417,3.212518977,3.472606506,3.526813405,3.641721269,3.577695099,3.526907467,3.47367418,3.497253609,3.689171585,3.507735615,3.692594511,3.887571344,4.211776334,1990,7.821984056
Burundi,BDI,0.049598018,0.038030816,0.043668638,0.044943395,0.041672738,0.044757389,0.044760811,0.046354452,0.046598197,0.045547321,0.035331188,0.032443687,0.02603947,0.029887879,0.024237874,0.029533865,0.045565516,0.026029796,0.024900404,0.034256057,0.043105675,0.040125,0.043767131,0.037639638,0.039085483,0.042884657,0.046598687,0.060786988,0.064804425,0.069913409,0.068443276,0.063027842,0.061675232,1990,0.035868648
Belgium,BEL,11.96775127,11.70985066,11.47275391,12.07156904,12.07643114,12.544418,12.22036205,12.48692542,12.03125943,12.19066943,12.24256482,11.46771175,11.88994012,11.70516231,11.37026957,11.01552547,10.63679569,10.67992422,9.948026642,10.55262195,9.473636434,9.281257867,9.357352053,8.718351597,9.080833791,8.936301199,8.764748586,8.759746825,8.693765678,7.996374605,8.307386506,7.68302111,7.152207908,1990,11.61876156
Benin,BEN,0.064054407,0.067517005,0.065404262,0.064020277,0.063708762,0.168073196,0.207158497,0.193593362,0.205674344,0.213927099,0.249328596,0.279072458,0.303194588,0.313478433,0.332405902,0.443804509,0.491044809,0.472895495,0.492353742,0.51841881,0.491280485,0.454246567,0.464018772,0.494850229,0.511298574,0.610839162,0.601464479,0.665910436,0.630789231,0.656051196,0.481443319,0.481049422,0.456231627,1990,0.075187272
Burkina Faso,BFA,0.048878977,0.040813041,0.041755671,0.044360822,0.044412472,0.047982619,0.074728675,0.068608047,0.068898917,0.073690546,0.08244001,0.084852042,0.091389037,0.079048731,0.081674559,0.080612468,0.109973423,0.12494353,0.117466088,0.121750703,0.134102289,0.152157951,0.173841701,0.15136487,0.207940498,0.201573779,0.224113239,0.243185731,0.263253155,0.256975635,0.269703772,0.27295258,0.260547136,1990,0.035624775
Bangladesh,BGD,0.123632634,0.135672295,0.143494128,0.149566433,0.177625891,0.17686861,0.188333834,0.188840145,0.19778202,0.20048266,0.238508145,0.247169768,0.255250836,0.265234027,0.27899306,0.296997446,0.312232079,0.343315957,0.365306179,0.399174831,0.425099568,0.450489808,0.460371266,0.485151359,0.53600763,0.584386984,0.622894753,0.645077045,0.655345934,0.616107742,0.695944755,0.732520444,0.727798394,1990,0.132268282
Bulgaria,BGR,7.520393885,7.262389809,7.416428076,7.108646073,7.300263012,7.373141567,7.13762207,6.885827003,6.104115838,5.896424212,6.295580725,6.072926153,6.875620794,6.66863206,6.853152094,7.108688805,7.638743288,7.281996103,6.250863899,6.694210976,7.455110877,6.832174268,6.118402806,6.549723987,6.945425259,6.611051735,6.964368162,6.581189537,6.389711459,5.695242944,6.657053048,7.536603664,6.172652978,1990,9.182099836
Bahrain,BHR,22.99802009,26.36284073,27.77632137,27.55425578,27.2745979,27.52600245,27.60004413,28.49421832,27.90049421,27.87327748,27.82709023,27.05906526,26.02440495,24.18308667,26.29345358,26.49767186,24.87445817,25.07385618,23.46847248,23.47113613,24.2703051,24.99354819,25.63918828,25.33330493,24.42892984,23.5029774,22.48720285,22.50296223,24.83380017,25.0267626,24.77829516,23.80092255,23.7312618,1990,23.30413736
"Bahamas, The",BHS,3.495873274,2.960196134,2.986211939,3.252515101,3.699317656,4.064087662,4.036937447,4.572753101,4.054578335,3.078110766,3.025903196,3.275796559,2.410776538,2.571060268,2.501061374,3.143164693,3.716879779,3.801239808,3.120917285,3.491093344,2.297641561,2.708346095,2.878984993,2.972027057,2.906997867,3.209081187,3.517676735,3.928019413,4.489516691,3.631054178,4.011625413,4.01672293,4.215151212,1990,3.936291652
Bosnia and Herzegovina,BIH,4.932572483,3.832153848,3.488145162,0.885593325,0.945697611,1.135024718,2.170683737,2.702136962,2.636923908,3.432929361,3.37265441,3.540399455,3.634705373,3.871492473,4.111785373,4.599298299,4.914207918,5.484397387,5.582177817,5.8285093,6.752261881,6.350867126,6.428054931,5.83253783,5.918703235,6.766967953,6.996011879,7.103513434,6.753333475,6.828892609,7.077182798,7.087083695,6.90618394,1990,5.523718196
Belarus,BLR,9.970571068,8.989357381,7.743921555,6.609171547,5.927604646,6.039262099,6.108733312,5.987462424,5.800430808,5.637284423,5.53815064,5.594093709,5.698798652,6.082724761,6.210433349,6.502945781,6.385859234,6.796946049,6.483535364,6.971619923,6.654615906,6.802944393,6.822615739,6.770249081,6.253707295,6.237135508,6.366536635,6.733822203,6.515507086,6.201055187,6.303376965,6.158015039,5.902586732,1990,10.3570513
Belize,BLZ,0.769888794,0.628851783,0.600814768,0.571078419,0.629451471,0.507346298,0.848026636,0.832248982,0.840130611,0.574337933,0.5660704,0.548808831,0.56183183,0.500574188,0.535514476,0.603033229,0.566024992,0.531605561,0.626651398,0.726006651,0.455548155,0.485027541,0.598606082,0.583223233,0.690365473,0.711259785,0.75937428,0.648561645,0.695904144,0.560371739,0.621227988,0.649810172,0.677440855,1990,0.686053879
Bermuda,BMU,3.930394592,3.083534508,3.417437432,3.363516573,3.363236233,3.412301674,3.483058311,3.538976566,3.556704404,2.441917141,2.401926714,2.663255125,2.740999583,2.763967708,2.964392212,3.685902537,4.397714648,4.404423381,3.848029576,4.847391134,2.405347308,2.790434591,3.111334822,4.278361063,3.631980335,4.909454838,4.485828431,4.88790713,5.590653127,4.900438011,5.121581487,5.133670018,5.417478129,1990,4.386803106
Bolivia,BOL,0.947421181,0.999887488,1.172617936,1.241335614,1.10122626,1.045035638,1.244469203,1.223507511,1.048901121,0.952868855,0.906196645,0.950860949,0.995922967,1.026163135,1.060737201,1.131416916,1.237533502,1.302800223,1.362592381,1.451384725,1.55374532,1.619038843,1.692742072,1.792340376,1.809835125,1.908994796,1.918051314,1.906404105,1.883109684,1.56940003,1.827095773,1.882678651,1.944347505,1990,0.92306717
Brazil,BRA,1.550639998,1.547246007,1.590238673,1.62470342,1.730985709,1.83068839,1.915534154,1.942224935,1.956967959,2.007818926,1.992685212,1.968645049,1.918139431,1.999386419,1.998953901,2.001783994,2.084554568,2.167915896,2.006775293,2.270340839,2.373464072,2.528103067,2.636096755,2.729587192,2.566447178,2.373948318,2.415682843,2.284095173,2.256514253,2.144261931,2.414654212,2.277221548,2.271017071,1990,1.521319544
Barbados,BRB,2.263535526,2.192363995,2.080244572,2.020869964,2.065723041,2.018041512,2.396033416,2.635690225,2.759059413,2.245643223,2.155282462,2.29681845,2.401270243,2.363654049,2.405975304,2.588499344,2.475966501,2.904141335,2.913290749,2.980275611,2.459992975,2.323624782,2.631948571,2.399514277,2.581812968,2.76682952,2.435655368,2.632957027,2.966497989,2.384113483,2.683707429,2.691291381,2.820044203,1990,2.380676149
Brunei Darussalam,BRN,18.69601974,19.86851419,19.53561925,19.33816981,19.96462851,20.47566683,21.29095012,18.38436545,18.81024761,18.60953851,17.58418455,16.3420063,18.61486223,17.76311875,16.74180031,23.62537466,22.06739234,23.57799112,20.83584447,18.80881498,19.6828155,18.79464539,18.94202849,19.45194961,17.44408023,18.47489499,18.18833011,18.34151801,17.17561218,22.1359219,21.57570713,20.7490612,21.17032611,1990,16.84345769
Bhutan,BTN,0.314113081,0.32296365,0.360031947,0.466548962,0.587785521,0.655084696,0.680154001,0.698587196,0.691236725,0.682233611,0.711696579,0.754313279,0.752905532,0.739381195,0.783392384,0.811718562,0.823262962,0.820425701,1.135610414,1.276737663,1.55079739,1.461356041,1.516118758,1.530814757,1.761636903,1.897799873,2.047366223,2.362459675,2.568041798,2.255696709,2.411914753,2.467237109,2.526370671,1990,0.307490238
Botswana,BWA,2.080706179,2.461680264,2.359386388,2.200239311,2.229396678,1.961047298,2.045949236,2.381730277,2.456094621,2.443808268,2.309996064,2.392817821,2.328611911,2.242762898,2.38619212,2.212891221,2.313937676,2.312291984,2.071008146,1.659525722,1.931243022,1.665688933,2.57497377,3.285706919,3.216895954,3.020750178,3.283604213,3.569028607,3.146157319,2.573445809,2.746850745,2.984845231,2.99353612,1990,2.161758939
Central African Republic,CAF,0.070633314,0.055282557,0.058299362,0.059239633,0.059228471,0.062806228,0.061132033,0.060625651,0.060732816,0.067433328,0.069269269,0.069294724,0.063903121,0.061104372,0.058967406,0.061769302,0.059985166,0.04417651,0.043298292,0.044691792,0.048061115,0.048581085,0.032461525,0.035062431,0.050007344,0.052867589,0.054093962,0.05517912,0.058951973,0.060298872,0.060327458,0.06920308,0.071500368,1990,0.055329032
Canada,CAN,15.49791671,15.76531803,15.57019259,15.99456881,16.24154149,16.54276912,16.90657323,17.03859898,17.21622237,17.69698163,17.22420933,17.66725292,18.13019221,17.52505346,18.02253295,17.60884534,18.06142659,17.28147954,16.11070736,16.51487733,16.77066291,16.34154481,16.39763494,16.38205449,16.16405866,15.94733576,16.22774615,16.5528684,16.1423151,14.37535312,14.686922,14.77491647,14.34025207,1990,15.90672438
Central Europe and the Baltics,CEB,8.875572831,8.236837014,8.048847819,7.846531473,7.907845652,8.177123252,7.925325775,7.44027509,7.04073358,7.033398844,7.198772105,7.091173015,7.422839702,7.422040476,7.43445674,7.673962947,7.752546083,7.582817348,6.951358761,7.259100709,7.292509867,7.046697695,6.824740383,6.663341175,6.780998707,6.901176638,7.181966455,7.163577899,6.806635697,6.386408569,6.9709477,6.869117705,6.262061601,1990,9.679322946
Switzerland,CHE,6.930110656,6.848088334,6.45256415,6.267941797,6.337847429,6.387663765,6.190644932,6.37735494,6.383980607,6.235849254,6.393420946,6.122088148,6.252581244,6.283052252,6.32796454,6.230519938,5.912714635,6.017240534,5.76638359,5.921474614,5.345863542,5.453264725,5.5155015,4.995903476,4.857652303,4.871378654,4.709850163,4.521941776,4.475562314,4.154446192,4.317192419,3.920810638,3.850285995,1990,6.672529703
Chile,CHL,2.326727974,2.367468595,2.474983471,2.663769075,2.876313356,3.250152741,3.639902242,3.626204975,3.746264601,3.473482187,3.293662162,3.291237662,3.377237913,3.613556337,3.617157197,3.6557264,4.063495838,4.235224825,4.010533735,4.208919566,4.556733428,4.642950368,4.828516483,4.405202697,4.673673129,4.862912646,4.834195706,4.752230579,4.959707766,4.516023851,4.578164622,4.543795654,4.272847297,1990,2.472059605
China,CHN,2.216061541,2.291716439,2.452565341,2.556521414,2.793543372,2.743462034,2.794433185,2.835980063,2.752282087,2.904182094,3.023026064,3.241626054,3.718460416,4.259581351,4.80528434,5.302700798,5.73304044,5.875814004,6.272106951,6.828166449,7.423206459,7.604475738,7.9165359,7.957752832,7.810149363,7.785797203,7.905034038,8.249747926,8.418138867,8.519901495,8.936542171,8.870590614,9.399266327,1990,2.126772112
Cote d'Ivoire,CIV,0.241629723,0.231206691,0.235753607,0.236890347,0.249253394,0.299955084,0.351395293,0.327929492,0.423857316,0.39364362,0.384340912,0.396000573,0.304007071,0.305981118,0.318684176,0.305575534,0.296463841,0.321570086,0.291445472,0.325274762,0.307997563,0.384372524,0.409402344,0.426425228,0.446203256,0.438774955,0.461213797,0.449418229,0.46785712,0.452374092,0.489660232,0.485714724,0.462448181,1990,0.243819042
Cameroon,CMR,0.388320057,0.36268299,0.38519789,0.405087705,0.394807496,0.39403621,0.38628075,0.391598079,0.367197838,0.383949687,0.372291957,0.357196273,0.354788327,0.339207393,0.320294585,0.317582379,0.373065861,0.380428486,0.40343782,0.397812373,0.366992311,0.360733777,0.381924885,0.401837851,0.40323477,0.413406389,0.408142188,0.423802213,0.401370731,0.396042694,0.380123049,0.391799288,0.379082883,1990,0.419535395
"Congo, Dem. Rep.",COD,0.04995278,0.041502555,0.038611448,0.058244944,0.052102341,0.056505939,0.055759406,0.054028111,0.048275538,0.037148981,0.034987674,0.035601513,0.041887207,0.038845399,0.04223002,0.042083012,0.045104056,0.044904025,0.042301062,0.042944421,0.04753469,0.041160545,0.05533228,0.068696139,0.043078634,0.032039243,0.03593337,0.034456204,0.036090289,0.03602667,0.035404315,0.038008938,0.035915584,1990,0.091843698
"Congo, Rep.",COG,0.993333004,0.941747554,0.902384626,0.802014407,0.992921885,1.162522088,1.171835773,1.363894581,1.374504843,1.431610947,1.344064254,0.853266308,1.034926183,1.015101721,1.171466346,1.255326185,1.071316416,1.077350598,1.148224373,1.185691652,1.052253888,0.944762628,1.119639521,1.060355153,1.127966382,1.070322924,1.033580383,1.164756987,1.282256487,1.280873927,1.191205365,1.279116317,1.172721149,1990,1.001655073
Colombia,COL,1.665033555,1.69348439,1.754698471,1.706744107,1.752338843,1.694694132,1.806202173,1.803455822,1.546277775,1.600775279,1.56644815,1.482060118,1.447579915,1.427081722,1.44914746,1.362490585,1.395972659,1.377939728,1.440232225,1.468908846,1.564175956,1.554613163,1.753541114,1.764637452,1.778216025,1.809812454,1.624276938,1.672658743,1.657179708,1.597173707,1.718125396,1.773562939,1.927761453,1990,1.643698723
Comoros,COM,0.104048679,0.086645611,0.083178166,0.081511256,0.082146657,0.083749577,0.082516538,0.102400904,0.103634628,0.169564244,0.176163152,0.17855769,0.227098024,0.241258886,0.229129863,0.270027598,0.1732782,0.170187206,0.207182213,0.239143847,0.212706719,0.216246351,0.253952933,0.217848695,0.233664794,0.26747881,0.337267682,0.361202193,0.40491852,0.41687288,0.415926197,0.380250016,0.37359461,1990,0.088394857
Cabo Verde,CPV,0.174993369,0.170049439,0.162203177,0.186237897,0.182729656,0.214765227,0.211415025,0.211922216,0.21499645,0.623404814,0.701292438,0.769089126,0.760906074,0.812107558,1.253311071,1.359612657,1.506479373,1.45346112,1.402968738,1.478076989,1.720412868,1.481770859,1.447215579,1.515246152,1.530267724,1.604513866,1.695285371,1.704469094,1.805276753,1.895939022,1.921420539,1.995416948,1.926556149,1990,0.143036747
Costa Rica,CRI,0.984424341,1.2915246,1.266097569,1.449615516,1.404739113,1.31032964,1.263280683,1.366936676,1.336422843,1.300162352,1.377019951,1.382386606,1.463304198,1.468377492,1.490833654,1.597189761,1.757822845,1.719572906,1.628208955,1.590311772,1.671622378,1.639131257,1.684680312,1.689909566,1.612689647,1.693754548,1.707815534,1.705125118,1.641486749,1.426270082,1.584687553,1.591966571,1.679220061,1990,0.933720216
Caribbean small states,CSS,1.851966845,1.732017057,1.72702052,1.910550139,2.021475175,2.053273086,2.19262809,2.275865353,2.209252483,2.010806177,1.996077429,1.87912319,1.833475219,1.916101593,1.950508426,1.961812406,2.091701193,2.163806789,2.12553401,2.345549357,2.13084319,2.404665202,2.424510434,2.555518949,2.612594804,2.886720996,2.705060995,2.675936906,3.066301761,2.96345087,3.043152273,3.028096714,3.092443394,1990,1.854132426
Cuba,CUB,2.810553443,2.217035156,2.017298908,2.066733107,2.191240894,2.36538737,2.580357365,2.524615051,2.586488901,2.609732248,2.496336188,2.37638961,2.301152526,2.25233113,2.329959972,2.377016549,2.453480345,2.368718009,2.387089046,2.496767179,2.456897364,2.559802887,2.575099129,2.385693495,2.613785375,2.429632762,2.355405652,2.391352794,2.193924651,1.932624897,1.901454824,1.88498547,2.002462629,1990,3.636298993
Cayman Islands,CYM,4.165750714,4.063449914,3.596210302,4.047588671,4.061936903,3.86609261,3.812283713,3.759276312,3.672552502,3.314513283,3.168731291,3.354189208,3.41876451,3.07152937,3.131144738,3.398158899,4.121802484,4.345956091,4.312212551,4.558309765,3.578750495,3.332399888,3.684255392,3.848071809,4.058920866,4.161648177,4.344929108,4.090019866,5.593595437,4.449362297,4.82255948,4.7422162,4.901558093,1990,4.423247048
Cyprus,CYP,6.459151079,6.772827735,6.954798471,7.090249767,6.791276175,7.067557282,7.03189062,7.233299947,7.38418056,7.525955847,7.257861257,7.310482556,7.846417031,7.651528921,7.629389925,7.597176831,7.745121253,7.784965711,7.4696382,7.016570079,6.677493888,6.110192492,5.439249258,5.67157125,5.621146993,5.836739115,5.869446493,5.675997472,5.607882668,5.222818713,5.241139323,5.396921968,5.340838796,1990,5.88380049
Czechia,CZE,14.56572381,13.99088857,13.53795382,13.00233888,12.93565675,13.31969849,13.00545383,12.43045108,11.64084303,12.9022318,12.94187257,12.4937383,12.81757167,12.89844045,12.63729021,12.77333856,12.84900573,12.14440263,11.46190478,11.55092268,11.25304018,10.84820972,10.41687908,10.18805366,10.26778819,10.39227236,10.41820246,10.28594926,9.679952998,8.823411191,9.437488268,9.317035288,8.33141109,1990,16.01532126
Germany,DEU,12.39828767,11.63542298,11.45501062,11.24291102,11.15134958,11.47161861,11.06629529,11.05401349,10.60926945,10.60357268,10.75675904,10.55070286,10.6413651,10.46732729,10.21104889,10.3895651,10.05262029,10.11270392,9.383778408,9.970763148,9.823081495,9.952833184,10.14659633,9.622117124,9.614638071,9.589879346,9.375469485,9.012815294,8.388297676,7.7266146,8.147065538,7.870139121,6.999887128,1990,12.75327924
Djibouti,DJI,1.936326241,1.671379051,1.675552915,1.681000782,1.694272707,1.716824915,1.671735011,1.636514945,1.627548611,0.989940026,0.972627195,0.97841307,1.008089547,0.957725475,0.899701728,0.853856904,0.856118958,0.907997231,0.80118307,0.876752618,0.667223301,0.835068534,0.9000593,0.883499532,0.793580009,0.711991388,0.629289154,0.670129734,0.649852256,0.664864258,0.707069266,0.658255767,0.649814735,1990,1.679268659
Dominica,DMA,0.308820134,0.311575911,0.558812092,0.736934525,0.847860197,0.930701628,0.907661005,0.52224987,0.898794831,0.808629271,0.81712746,0.741585853,0.840495542,0.895861557,0.880204848,0.933058164,1.115517016,1.068928457,1.08910316,1.122583831,0.861656988,0.78561301,0.859212508,0.950648686,1.028263031,1.116283079,1.010277972,1.098659313,1.23895109,1.012238616,1.123478468,1.134289049,1.201323109,1990,0.305915809
Denmark,DNK,12.23908668,11.09744613,11.50809039,12.23380675,11.57723709,14.06301716,12.15674729,11.36059804,10.76367221,9.954985527,10.21765576,10.09598151,11.07564797,10.01735028,9.349725211,10.78149116,9.86619275,9.216871714,8.771006112,8.752590947,7.80664894,6.901833688,7.184254413,6.41524947,5.995196959,6.233648335,5.82350676,5.808856476,5.194359818,4.766725132,5.019163414,4.767291819,4.50195327,1990,10.19774792
Dominican Republic,DOM,1.154283518,1.312861247,1.27142122,1.457510462,1.520819613,1.606531843,1.79626375,2.020285037,2.155014416,2.21432657,2.194928765,2.373886369,2.092494728,1.913410944,2.036436939,2.202601105,2.194262948,2.16381685,2.045802771,2.13037955,2.123587858,2.172483328,2.106832631,2.103023713,2.287368581,2.356543142,2.229253773,2.376245043,2.618366753,2.443637982,2.666990067,2.639560335,2.766751991,1990,1.125257056
Algeria,DZA,2.893335706,3.183843758,3.041850423,2.910014993,2.944016076,2.807352891,2.691774224,2.709740454,2.787675171,2.845473222,2.739130403,2.824621778,2.999221341,2.961289477,3.062497733,3.137715621,3.185550171,3.265718682,3.270894462,3.277714338,3.381668929,3.725741952,3.792954428,3.953849699,4.119541237,3.940941459,3.995063577,4.113293872,4.195662428,3.90292777,4.015587285,4.104114245,3.906869951,1990,2.843625484
East Asia & Pacific (excluding high income),EAP,1.918286118,1.970167637,2.094235133,2.179513811,2.372102223,2.351744513,2.405378212,2.408611594,2.363274422,2.475800391,2.572463689,2.733744783,3.0840838,3.475982332,3.860888709,4.204525951,4.508176114,4.602709512,4.858878024,5.264081728,5.672175747,5.794847965,5.993313562,6.04196302,5.949802081,5.935835323,6.047825903,6.326264746,6.482864004,6.505866528,6.773708083,6.739441567,7.113827257,1990,1.844712711
Early-demographic dividend,EAR,1.402862257,1.410804046,1.426772888,1.478355405,1.510769918,1.5534582,1.588573019,1.60818389,1.624823694,1.652390826,1.651097111,1.673000433,1.713677144,1.778647297,1.824890669,1.891368851,1.968977022,2.006926075,2.027394156,2.094536512,2.13736334,2.216180728,2.203206359,2.271139504,2.262293069,2.272186677,2.33505396,2.353764031,2.334942348,2.160454699,2.285748055,2.33747514,2.392967338,1990,1.383389601
East Asia & Pacific,EAS,2.731847581,2.785362356,2.900808481,3.009181673,3.197272757,3.192981064,3.239527905,3.18742919,3.181243197,3.310305693,3.390072064,3.550515583,3.864486679,4.222303832,4.568477271,4.866972401,5.160556937,5.211488283,5.413127447,5.824015456,6.225252411,6.348866057,6.525044089,6.535961895,6.438672848,6.429934257,6.526183026,6.756306086,6.869233704,6.833060596,7.086725215,7.000126407,7.304712613,1990,2.654292703
Europe & Central Asia (excluding high income),ECA,8.100857722,7.222347511,6.399730125,5.571349901,5.372353085,4.971297724,4.837572522,4.854962938,4.778005009,4.910521715,4.770322901,4.912417049,5.19369691,5.195374734,5.226215198,5.50786139,5.72153052,5.863635944,5.282507624,5.585436637,5.863458675,5.784515513,5.703254488,5.268757784,4.937903848,5.077821339,5.204281231,5.241701508,5.053829425,5.01426877,5.266539568,4.957587325,5.000413033,1990,8.546829299
Europe & Central Asia,ECS,10.06880606,9.422331784,8.879059968,8.410969081,8.350645,8.338666348,8.050725725,8.050321323,8.004412063,8.078548218,8.11881942,8.099370837,8.361706634,8.356238292,8.317447922,8.43193457,8.413265423,8.291735548,7.635649695,7.93903716,7.939018682,7.836282292,7.626579606,7.26879804,7.222582348,7.197004838,7.256197173,7.24935006,7.089209027,6.644696789,7.096531532,6.976682283,6.734344744,1990,10.30552754
Ecuador,ECU,1.643690469,1.695433027,1.62083162,1.666458996,1.794726274,2.029235582,2.076081484,2.000361761,1.739768796,1.737122086,1.882858767,1.849233305,1.857331114,1.927171447,2.039330318,2.146231637,2.152284777,2.186748424,2.33877024,2.478931888,2.462921892,2.435289465,2.552588933,2.653088308,2.598218087,2.482372308,2.372627759,2.42655714,2.354449282,2.035356645,2.255885976,2.370985425,2.521022845,1990,1.676021392
"Egypt, Arab Rep.",EGY,1.560475848,1.584969973,1.554192825,1.450135271,1.519002546,1.595136711,1.662596918,1.717404102,1.809307521,1.750199129,1.891426153,1.901352845,1.899082364,2.018352553,2.19951901,2.283805074,2.396306906,2.352712938,2.403782485,2.373937498,2.407781695,2.500416456,2.399352513,2.389995047,2.403603301,2.460508744,2.527353571,2.427799169,2.204155642,2.069140954,2.250750128,2.19467715,2.176891076,1990,1.566886973
Euro area,EMU,8.923009197,8.563580475,8.345053886,8.320582704,8.447589672,8.607470683,8.50625216,8.634932553,8.548655772,8.599773392,8.705360023,8.678427063,8.830223592,8.83285921,8.749114933,8.665945878,8.533276721,8.296177111,7.640254335,7.862333608,7.608735695,7.484727694,7.291761829,6.903788535,7.033868178,7.009444168,7.009036257,6.811195115,6.485500461,5.822988075,6.237590775,6.029881974,5.485422829,1990,8.931077955
Eritrea,ERI,0.197023189,0.272967642,0.368317775,0.402734709,0.411797556,0.430874095,0.399045599,0.29324639,0.306944206,0.298304741,0.318025465,0.303178717,0.280844925,0.276066819,0.227039153,0.200998557,0.193203467,0.164398523,0.166523251,0.175438835,0.20563718,0.20885825,0.193048309,0.192428662,0.185989839,0.191090467,0.186042998,0.205151656,0.207857925,0.204115674,0.212585402,0.19575022,0.192629647,1990,0.161949136
Spain,ESP,6.146855946,6.327026227,5.922195787,6.168733313,6.455696234,6.203424871,6.668098113,6.839758809,7.35639982,7.721380154,7.68451246,7.99691385,8.052867137,8.281144157,8.4857051,8.142867816,8.284620516,7.465994442,6.552124621,6.252951973,6.271820387,6.144501359,5.589823004,5.551002668,5.922695554,5.733816894,6.045843221,5.879130439,5.467843243,4.618202788,5.010712253,4.93039163,4.493714413,1990,5.964354838
Estonia,EST,23.08414579,17.04667238,14.2935545,15.01688189,13.92435373,14.81900884,14.67894694,13.42770944,12.32805177,12.43857307,12.79375268,12.32377569,13.88357943,14.23977102,14.30318688,13.89654071,16.60455888,15.05919572,12.59738557,16.1910663,16.32737926,15.51649056,17.38577554,16.67557976,15.19757763,15.18464193,16.10972959,16.91315356,11.08434861,8.635283959,9.248782056,9.332611726,8.345994924,1990,25.16234656
Ethiopia,ETH,0.043554345,0.03270159,0.040194462,0.044884595,0.049119411,0.053588813,0.054277746,0.055891778,0.05347034,0.057497613,0.068889828,0.068692182,0.071236764,0.075319538,0.069817234,0.071780043,0.076392951,0.080217509,0.078468191,0.075951103,0.085445009,0.093809141,0.106078144,0.122677399,0.130066166,0.150223727,0.144700549,0.155020028,0.162690736,0.14192508,0.141454886,0.131907278,0.12982734,1990,0.04591706
European Union,EUU,8.909920878,8.544215756,8.36130658,8.315322548,8.420448321,8.64336806,8.464191515,8.434216141,8.268415212,8.299396643,8.411198301,8.366021105,8.567805796,8.550925501,8.469123629,8.480332786,8.366667992,8.138009191,7.496764033,7.731434836,7.527417351,7.365797692,7.160311506,6.821390191,6.942328971,6.946948872,6.989831251,6.822875336,6.501533525,5.900071107,6.345683732,6.155908035,5.597249055,1990,9.059391542
Fragile and conflict affected situations,FCS,2.27599107,2.095787061,1.939662526,1.757291632,1.7317889,1.623755369,1.592557179,1.475493098,1.407712645,1.425025424,1.433992021,1.385266553,1.405883871,1.357515552,1.342314815,1.303869493,1.271463012,1.269024695,1.165718072,1.229794407,1.219046769,1.236108181,1.221984086,1.146194299,1.032697668,1.01829144,0.993680031,1.003759626,0.972303473,0.83438742,0.832001432,0.785642823,0.780926259,1990,2.421024669
Finland,FIN,11.35018968,10.72794245,10.92769746,12.20254256,11.50184326,12.67118256,12.20673426,11.55314313,11.40156741,11.11338433,12.25354703,12.63731594,14.21254576,13.47495836,11.10176024,13.26362426,12.8697492,11.25902647,10.69055611,12.27637119,10.80441002,9.663904738,9.804646908,9.051962167,8.389586627,8.880947966,8.364417214,8.600232979,7.99415967,7.137099757,7.117177226,6.507021284,5.778906576,1990,11.27489782
Fiji,FJI,1.143324748,1.273960777,1.371005189,1.426071158,1.406830206,1.465558747,1.498142559,1.466936168,1.553927014,1.736929918,1.8621792,1.523922293,1.755886624,2.262896773,1.961062083,2.089367844,1.919735541,1.429268795,1.171576619,1.862768681,1.363433732,1.316402126,1.497786877,1.699025158,1.759676369,1.731787294,1.904525561,2.011709806,2.096515572,2.114621028,2.212365729,2.326026569,2.391940659,1990,1.312529419
France,FRA,7.007794585,6.745149387,6.383472919,6.287485232,6.416617348,6.639531306,6.478012814,6.819515459,6.680180713,6.586014752,6.605518052,6.469774175,6.503510731,6.473179928,6.460273551,6.246640528,6.096412994,5.949567532,5.723942206,5.809346634,5.575593392,5.576482707,5.469753204,4.947634946,5.003509332,5.032181474,5.071067554,4.893363369,4.789884655,4.250289677,4.708307266,4.56119638,4.135860205,1990,6.612861445
Faroe Islands,FRO,0.033722548,0.033835938,0.034428593,0.035798989,0.036688833,0.036714089,0.038521674,0.038053454,0.037655606,0.039340823,0.03859762,0.03802683,0.039556962,0.03926918,0.039289481,0.039308989,0.03927405,0.04119719,0.040991166,0.041104055,0.041200585,0.041415585,0.041454214,0.041298422,0.040898959,0.040433447,0.039854928,0.039217224,0.038613766,0.039945978,0.03938854,0.038923488,0.03854484,1990,0.033514872
"Micronesia, Fed. Sts.",FSM,0,0,0,0,0,0,0,0,0,0,0,0,0,0,0,0,0,0,0,0,0,0,0,0,0,0,0,0,0,0,0,0,0,1990,0
Gabon,GAB,4.8810963,4.788131513,4.766200459,4.609215142,5.048552679,5.496977036,5.119858071,5.713290684,5.301621218,5.17689319,5.14711104,4.811264297,5.311245343,4.660071792,4.367011845,3.78330572,3.325264725,3.43366466,3.279034832,3.463790185,3.265459586,3.188659416,3.176378773,3.16725797,3.155382023,3.094787141,2.608697668,2.376557077,2.398414962,2.286118769,2.161674777,2.219482324,1.982824296,1990,6.273138877
United Kingdom,GBR,10.30008465,10.04130537,9.739175303,9.584677429,9.446595367,9.754064808,9.371065574,9.354263017,9.265435437,9.367569196,9.521509025,9.211748148,9.395637311,9.350849976,9.26021742,9.19944214,8.972710375,8.635719954,7.761566324,7.976063294,7.256181392,7.553977644,7.331739621,6.663790814,6.386365891,5.995036578,5.771904114,5.615687153,5.346382963,4.755647459,5.065106391,4.830445044,4.419945867,1990,10.17246387
Georgia,GEO,5.502595174,4.292808044,3.409887805,2.257966996,1.82911303,1.535476887,1.390418613,1.292650333,1.175793661,1.278374426,0.96620319,0.9028997,1.000800661,1.09718028,1.275577077,1.463889699,1.708401573,1.475841306,1.696064329,1.661712919,2.018559589,2.218176318,2.460117471,2.644825233,2.857640615,2.957366925,2.99597318,2.987885038,3.204108639,3.101579599,3.275405071,3.403068874,3.462160909,1990,7.182090796
Ghana,GHA,0.183873364,0.211753519,0.21313457,0.221476956,0.232438419,0.246426468,0.253133978,0.335498069,0.357313243,0.309918676,0.325937299,0.373937716,0.341794658,0.310979849,0.320172826,0.378521453,0.38961134,0.360677092,0.404107943,0.441534925,0.464903586,0.547619258,0.568282711,0.53483768,0.55019733,0.551610938,0.565312579,0.624474808,0.646259815,0.694591466,0.769081388,0.747792885,0.715161048,1990,0.20338237
Gibraltar,GIB,7.547029519,8.966440955,9.017362394,10.58041778,10.29696461,10.48495652,10.78601987,11.32730561,11.76151957,12.31368869,12.65502404,12.79867773,12.82096626,13.71408671,13.93203717,14.36439819,14.0638539,14.18143557,15.30999578,15.20417307,14.51042325,14.63673546,15.42876539,16.37460763,17.69047691,18.19478282,18.97503285,19.7882596,20.21186679,17.67616731,17.54571599,17.94783164,17.8991968,1990,5.286764706
Guinea,GIN,0.137043042,0.118998618,0.118978527,0.11730258,0.116188411,0.1170265,0.11594466,0.117805145,0.11917548,0.174520028,0.183396644,0.194706842,0.201177326,0.201848759,0.189696041,0.198555878,0.200325368,0.209145084,0.216216557,0.242533584,0.25113519,0.232924153,0.205256082,0.207366492,0.241793412,0.265293799,0.259388701,0.255549607,0.264393779,0.26931798,0.267896613,0.270989888,0.257915952,1990,0.146960683
"Gambia, The",GMB,0.138641531,0.113217561,0.114358804,0.127115951,0.117692375,0.118640551,0.115394181,0.121787642,0.121982315,0.184319256,0.198058743,0.200365829,0.198147706,0.201071725,0.198735841,0.21600035,0.218544389,0.215804147,0.232497,0.229779459,0.235761555,0.220401019,0.214752213,0.223974927,0.226699674,0.222614459,0.218727011,0.215491375,0.227690484,0.233450847,0.231947857,0.236718036,0.224549594,1990,0.115957584
Guinea-Bissau,GNB,0.212539424,0.184799035,0.1922087,0.185709014,0.186079902,0.180318049,0.185492624,0.18560422,0.187488742,0.164163983,0.166577735,0.172185523,0.198892028,0.199768369,0.199481031,0.206245588,0.211373507,0.196834255,0.203095303,0.201296392,0.199803989,0.196619025,0.196819171,0.196539932,0.201180325,0.204760868,0.159983208,0.157166283,0.162728389,0.166645557,0.165772879,0.16931612,0.160680692,1990,0.173262166
Equatorial Guinea,GNQ,0.150543358,0.145075083,0.145654057,2.202538272,2.253423986,2.372230797,3.138631821,3.669985066,3.856034196,3.90257636,4.801850005,4.025530198,4.234887281,6.978310222,6.751026793,6.448573878,6.888124443,6.091763252,4.823395467,4.806973429,4.79451779,4.325607681,4.251391677,4.084716122,3.718835179,3.573365619,3.127888192,2.896892024,2.727315728,2.603602281,2.477959229,2.307233809,2.044221831,1990,0.149913341
Greece,GRC,7.551274345,7.698445081,7.608063351,7.724370066,7.976915313,7.94075673,7.990726048,8.268581277,8.260183477,8.88916405,9.032241553,8.995927544,9.318360882,9.271984724,9.431276834,9.289930766,9.59392307,9.192260477,8.662460857,8.010895449,7.756549609,7.383080017,6.736386559,6.518684152,6.417923565,6.324812864,6.358060524,6.203580734,5.747202232,4.895304516,5.127953308,5.263286487,4.965985584,1990,7.639873403
Grenada,GRD,0.505987519,0.518690577,0.58018011,0.672884873,0.599793971,0.63585252,0.861405791,0.747106378,0.751449961,0.533266326,0.538953763,0.583926792,0.639212373,0.605545036,0.648841745,0.737276978,0.816127106,0.889121339,0.953673576,1.063753517,0.819957352,0.84238528,1.079418788,0.962920128,1.020265792,1.106575176,1.107954053,1.130597886,1.295039705,1.047781951,1.155217332,1.157270791,1.218814325,1990,0.508218534
Greenland,GRL,0.021621622,0.021699819,0.02173913,0.021621622,0.021505376,0.023255814,0.023214286,0.023172906,0.023172906,0.023131673,0.02484472,0.02473105,0.024663085,10.7676899,10.87555985,11.18293585,11.05826187,11.44013634,9.921346519,11.43484755,12.16206715,9.609223728,9.686100243,8.688160583,9.375556902,9.356423308,9.150466425,9.269407208,9.316140507,9.358312488,9.679981643,10.16219269,10.23828365,1990,0.019784173
Guatemala,GTM,0.44619709,0.509364053,0.550657629,0.579546339,0.658664078,0.630357028,0.64256383,0.781289767,0.758682181,0.827982374,0.850049401,0.873109677,0.849946854,0.847283469,0.899467734,0.891373596,0.930329826,0.830194155,0.85800744,0.81218683,0.82112605,0.833796841,0.879638887,0.926760289,1.062789453,1.108855254,1.035312995,1.113329615,1.150586218,1.016412379,1.150270049,1.119309596,1.177908459,1990,0.433728361
Guam,GUM,0.001417706,0.001394768,0.001373117,0.001352558,0.001332854,0.001314328,0.001296891,0.00192016,0.001895268,0.001874239,0.001859554,0.001848258,0.001838945,0.00183139,0.001825206,0.001213305,0.001815244,0.001810577,0.001805347,0.001801564,0.001801337,0.001803633,0.001807599,0.001208561,0.00121282,0.001826673,0.001834975,0.001844122,0.002472066,0.00246673,0.002443046,0.002421601,0.002402316,1990,0.001442897
Guyana,GUY,1.532236605,1.443504629,1.446016747,1.872001609,2.020601592,2.079876296,2.261739992,2.291032051,2.272908619,2.173156981,2.152582746,2.126230272,2.122523755,2.19499015,1.949497578,1.758445042,2.123243238,2.127600364,2.16595266,2.35059846,2.457136807,2.683414446,2.636459512,2.73802784,2.73412223,3.218134289,3.212579654,3.260413666,3.458612172,4.123688359,4.009653187,4.043391425,3.998533314,1990,1.565154542
High income,HIC,12.4367317,12.16784184,12.00576167,11.93886514,11.97871076,12.18466456,12.21813638,12.15341322,12.18997257,12.38769646,12.36118176,12.22528372,12.41911191,12.47080595,12.45713996,12.37182449,12.42235028,12.10156298,11.33030862,11.79977244,11.66275344,11.46071763,11.41451006,11.20484033,11.11478332,10.96605123,10.8983501,10.93881248,10.70191283,9.834181541,10.37240963,10.26932282,9.940306782,1990,12.58250332
"Hong Kong SAR, China",HKG,6.692767733,7.498077752,7.53494323,6.319166915,6.274654408,5.608919276,5.302575008,6.505921726,6.893196095,6.286706677,6.233978226,6.072166783,6.613968622,6.007444535,6.312070686,6.188067842,6.424114049,6.19885596,6.474515259,6.01174511,6.389247129,6.244234346,6.433548315,6.577813127,6.068245717,6.144440204,5.969634259,5.911896519,5.794989278,4.699371742,4.73150234,4.44139067,4.600894362,1990,6.143360505
Honduras,HND,0.463270172,0.506086488,0.515631866,0.572765978,0.657428336,0.677749183,0.676954812,0.764191632,0.754445421,0.759436362,0.870894658,0.89578128,0.966427047,1.072257355,0.948256669,1.063416306,1.105478405,1.080724615,0.997008632,0.953504223,1.110474543,1.138452493,1.090887246,1.095251725,1.139509846,1.101368623,0.973932684,0.92127051,1.021839804,0.870989482,0.96038077,0.987053358,1.028271791,1990,0.472905466
Heavily indebted poor countries (HIPC),HPC,0.157649875,0.153612627,0.152016394,0.158997348,0.162053062,0.168622807,0.178260798,0.181345646,0.180587451,0.176678359,0.181082754,0.184324093,0.185978921,0.190586018,0.194873431,0.206351304,0.216019585,0.220549837,0.226918165,0.238261049,0.253000117,0.262600446,0.26652057,0.272008551,0.284170032,0.295077375,0.294585651,0.299291911,0.303005865,0.286052627,0.300745512,0.295871728,0.289207424,1990,0.165742802
Croatia,HRV,3.875690922,3.58165469,3.630612832,3.439234191,3.583504869,3.787476984,4.039277429,4.197734622,4.413733378,4.336009518,4.777188426,4.964001921,5.285426706,5.279491707,5.301074558,5.342948381,5.685003794,5.410927198,5.033679188,4.874649249,4.777880411,4.409337409,4.340916058,4.206685171,4.340846275,4.449279706,4.650707043,4.453597909,4.548474575,4.406002137,4.568235833,4.523891099,4.522777241,1990,5.221264094
Haiti,HTI,0.159246367,0.145237818,0.120552099,0.05579687,0.148944549,0.166109702,0.190392572,0.191473709,0.196606773,0.204091194,0.204306617,0.226659081,0.221109527,0.200925607,0.201803875,0.200823257,0.23292767,0.226896577,0.219049719,0.264982362,0.296866213,0.273849326,0.291214496,0.311166189,0.331979441,0.335240071,0.331492101,0.324473868,0.323642255,0.307937283,0.299773548,0.294872756,0.303890956,1990,0.166519779
Hungary,HUN,6.596429329,5.951496821,6.054072967,6.037750807,6.03727479,6.166795878,6.055778124,6.060290827,6.117139583,5.824881884,5.987842447,5.903702555,6.186986354,6.016396716,6.067642074,6.02370879,5.88047869,5.760511758,5.157238854,5.233487963,5.157321294,4.802617082,4.527203959,4.542892147,4.829306591,4.91810545,5.227122775,5.207658607,5.196476031,5.025943706,5.175495791,4.93564281,4.568843849,1990,6.971388438
IBRD only,IBD,2.822761383,2.744379675,2.705689385,2.666230982,2.744198118,2.721769164,2.721638421,2.707053159,2.67912853,2.744860158,2.780539677,2.854936901,3.056016543,3.268238342,3.462278916,3.663571025,3.84626311,3.913234269,3.970838291,4.221265482,4.452586054,4.553360772,4.629296846,4.645892203,4.566870455,4.545963916,4.618551912,4.758645497,4.807320463,4.667517823,4.9085527,4.916735084,5.111656399,1990,2.844379915
IDA & IBRD total,IBT,2.356330435,2.286361645,2.248296048,2.209117483,2.267175814,2.249635462,2.243795049,2.228909423,2.203420789,2.252485594,2.276573321,2.32611335,2.47655661,2.636271277,2.779888958,2.928610199,3.061491203,3.104371943,3.135374959,3.320909449,3.489441831,3.552724625,3.602569899,3.609007644,3.54128351,3.52401579,3.573211834,3.66650156,3.690815504,3.572449926,3.742536928,3.730222318,3.851705456,1990,2.377344679
IDA total,IDA,0.522125073,0.504950751,0.490964525,0.473930096,0.478161017,0.500527244,0.494511254,0.49929651,0.503065881,0.513537926,0.518381048,0.504815568,0.506610417,0.514783801,0.518129772,0.524697878,0.530122502,0.530262398,0.511199236,0.529316193,0.540146148,0.523070688,0.523862404,0.53212235,0.531860378,0.561017079,0.580525781,0.581305087,0.580834456,0.567973766,0.595244292,0.580199913,0.560417752,1990,0.523588568
IDA blend,IDB,1.063780543,1.047512006,1.035030262,0.980190996,0.973706522,1.016176418,0.988234274,0.989704675,0.99398836,1.021324886,1.019775304,0.970229923,0.960273201,0.97187016,0.943403191,0.944796892,0.931247869,0.919931898,0.860160972,0.891061966,0.904235725,0.845628902,0.864962565,0.868144496,0.852426334,0.88962895,0.906029867,0.890300287,0.883104697,0.883132964,0.926420476,0.889836821,0.841116498,1990,1.059529159
Indonesia,IDN,0.935142134,0.960601997,1.033874583,1.082166549,1.196184522,1.240225923,1.334087875,1.326134297,1.386228775,1.384188074,1.458634688,1.463222127,1.571392269,1.58017942,1.570602107,1.638945042,1.695257058,1.6542308,1.691367292,1.801445037,2.004120479,1.995547065,1.856457769,1.951327933,1.957253132,1.916191466,2.003829799,2.2132714,2.338843803,2.162413586,2.237793601,2.355083578,2.398861052,1990,0.881619793
IDA only,IDX,0.251721913,0.233702219,0.219196524,0.221100588,0.23057481,0.242690642,0.247403523,0.25363874,0.256958387,0.258379479,0.265620333,0.269930011,0.277459592,0.283390448,0.302411055,0.311254699,0.325671504,0.330853403,0.331935754,0.342799575,0.351956698,0.356183277,0.347204037,0.35820797,0.366281395,0.391898497,0.413672257,0.423468429,0.427002026,0.408135177,0.427748784,0.424029078,0.41933902,1990,0.257426102
India,IND,0.731268941,0.741634594,0.758857225,0.790360112,0.82938981,0.8508016,0.878467462,0.884123268,0.926225373,0.941139243,0.938682659,0.956523084,0.968644599,1.027134962,1.053571357,1.107015491,1.18744711,1.244782314,1.340702989,1.402266789,1.467091096,1.581923153,1.607627302,1.709121301,1.70187478,1.713881972,1.789997318,1.871823689,1.830078925,1.653299904,1.802062141,1.92281182,2.054964313,1990,0.694458487
Ireland,IRL,9.300909532,9.207431367,9.22706704,9.530033818,9.638884063,9.925608452,10.16964099,10.71609418,10.97705701,11.5166087,11.90959803,11.43932001,11.12282408,11.05137704,11.31535412,11.15806356,10.6725208,10.30922071,9.077242786,8.973993209,8.109763926,8.173938528,7.857362836,7.759192226,8.006240806,8.311107419,7.96511536,7.63659068,7.178102847,6.719986553,7.029713318,6.723890276,6.12001658,1990,9.202230865
"Iran, Islamic Rep.",IRN,3.83764757,3.996287782,3.96230882,4.511337812,4.555214487,4.678004431,4.828504838,4.758900667,5.131713553,5.328763112,5.458014184,5.65074339,5.89775618,6.19109035,6.529185404,6.89497424,7.218348335,7.349225319,7.494652117,7.447085114,7.473235663,7.462898721,7.616628634,7.808146409,7.617351245,7.661927326,7.835657233,7.678412357,8.004177015,8.120548802,8.349769095,8.495505229,8.595225843,1990,3.570792591
Iraq,IRQ,3.064638073,4.140431767,5.216883637,5.459526002,5.238636004,4.681758856,5.461623433,4.119264832,3.143528658,3.63618557,3.994465399,3.654904903,3.092510336,3.275125084,3.070863669,2.965528821,2.762397352,3.129687872,3.222061889,3.591283156,3.603876495,3.953196393,4.093014711,3.783509624,3.671510536,3.959061002,4.211760257,4.432341592,4.70127928,4.047014236,4.059245049,4.322053972,4.279806325,1990,3.949888307
Iceland,ISL,8.89653487,8.840981088,9.134135937,9.482710012,9.131185787,10.07898377,9.686568706,9.888084891,9.886762251,10.14953504,10.38362202,10.88678123,10.71183092,10.87669563,10.54277568,10.67443101,11.15686564,11.91094281,12.01981796,11.75068623,11.29919063,11.3680016,11.46328807,10.58261502,10.97259798,9.478921652,9.699184624,9.3952444,8.804841318,8.265500201,8.662085257,8.508048366,7.845958678,1990,9.189407674
Israel,ISR,7.248615882,7.497501464,8.005721346,8.350583441,8.69336339,9.008239635,9.072464016,8.962284374,8.972538776,9.429336938,9.204239789,9.517031963,9.609519111,9.414818622,8.942814678,9.23553596,9.405217198,9.288747811,8.966455595,9.44877748,9.170761544,9.817571582,8.481469074,8.035444332,8.12323242,7.917364849,7.795863794,7.157394065,7.229677491,6.67683476,6.51884457,6.576416427,6.278314167,1990,7.558669528
Italy,ITA,7.493889772,7.455604193,7.332059622,7.233135245,7.657787624,7.56700622,7.623335632,7.783307722,7.901876364,7.985614091,7.969835416,8.085796165,8.395191244,8.540317367,8.512979001,8.391778623,8.226112288,7.911316711,7.009224835,7.153488149,6.9873838,6.631830313,6.011550164,5.648250658,5.829361227,5.763838382,5.714450054,5.637189317,5.566596613,4.97779979,5.652945429,5.638792112,5.178372693,1990,7.518029156
Jamaica,JAM,3.156190529,3.409863732,3.435546362,3.433997786,3.515627656,3.631940734,3.682872762,3.845531214,3.917182634,3.916058817,3.9157858,3.872229199,3.963866909,3.958162206,3.949847157,4.547221589,4.497015255,3.609654264,2.928284487,2.787124059,2.741828093,2.517430557,2.675983327,2.57206356,2.523537627,2.701362853,2.584627121,3.071100037,2.988483925,2.080799395,2.269140799,2.243281778,2.417330038,1990,3.221469009
Jordan,JOR,2.576734627,2.899513118,2.859738456,2.848770752,2.905181208,2.875878674,2.897240247,2.872750608,2.816878185,3.056519047,3.00198549,3.063799464,3.073707537,3.233628485,3.369467925,3.196485779,3.126232656,2.931844473,2.949261897,2.82132091,2.809145578,3.233555996,3.015725226,2.939291674,2.685534602,2.521834348,2.5942167,2.414085384,2.218182326,1.980418635,2.015930086,1.984299763,2.061243199,1990,2.780633854
Japan,JPN,9.493565874,9.498743822,9.410838026,9.80971896,9.871842323,9.95143332,9.812655386,9.4126875,9.719006404,9.845295365,9.714760635,9.960606536,9.996330196,9.951269167,10.04138276,9.857331018,10.12687948,9.565286617,9.070201567,9.529581479,9.961007721,10.27430913,10.41006003,10.02746394,9.716918225,9.701886273,9.591472136,9.299016647,8.998423792,8.491691813,8.632303061,8.071758552,7.587407788,1990,9.44964852
Kazakhstan,KAZ,15.04330791,15.30686783,13.08996904,11.95865633,10.77794519,9.625904002,8.558439932,9.04799625,8.38828008,8.529651084,8.376680117,9.29497364,10.29686843,11.01254568,11.74784729,13.0520496,13.50771418,15.80447477,13.92100143,14.84199204,15.72297952,15.44423685,16.30163002,13.03847014,11.3572429,11.74774009,12.20698275,12.08980619,11.29309867,11.53521458,12.40220947,11.99027143,11.79861648,1990,14.49375757
Kenya,KEN,0.262875957,0.258185597,0.246436822,0.243016143,0.252517212,0.270499668,0.25310863,0.269339679,0.268586769,0.290609012,0.260942966,0.245410577,0.214823847,0.231907196,0.25208621,0.272395887,0.264278782,0.270667882,0.309607606,0.325744394,0.327065092,0.2959399,0.318713553,0.356082242,0.376728717,0.399468738,0.405278565,0.380695108,0.379148987,0.367856773,0.403760555,0.394260456,0.392737469,1990,0.282435617
Kyrgyz Republic,KGZ,4.763293765,3.100257242,2.27753108,1.490630762,1.043317179,1.27809871,1.242818866,1.291000478,1.015180081,0.97947038,0.815094218,1.009536931,1.122239609,1.099082465,1.087234543,1.071234272,1.279500386,1.470877723,1.306431613,1.208199875,1.42494848,1.847232769,1.676639866,1.683263918,1.707887313,1.577387471,1.527995128,1.780099358,1.551695386,1.383716324,1.533302662,1.478233051,1.473854713,1990,5.387298701
Cambodia,KHM,0.062041018,0.064451455,0.061545561,0.059009681,0.149812891,0.154259638,0.153746674,0.165340139,0.158335447,0.160555774,0.172785304,0.174831417,0.185242964,0.182646216,0.200964313,0.220492252,0.267053997,0.291507889,0.341364773,0.355699432,0.364290671,0.376732551,0.375176135,0.456504779,0.544957,0.668090053,0.737163303,0.757988468,0.962005191,0.992486072,0.988405711,1.008881435,1.03134893,1990,0.05861892
Kiribati,KIR,0.230466039,0.247292024,0.246064865,0.249934392,0.222813108,0.221487963,0.224606938,0.226484701,0.222666024,0.371277352,0.326562241,0.473640857,0.474648261,0.482905761,0.628347019,0.661887479,0.603519222,0.658210359,0.544769741,0.562076832,0.515151789,0.496954152,0.527943218,0.526334044,0.533321919,0.572258141,0.655996674,0.660201173,0.67623728,0.674866573,0.695607469,0.722010593,0.734927941,1990,0.224433906
St. Kitts and Nevis,KNA,0.686357104,0.682795039,0.814703458,0.955093834,0.793838303,0.907246309,0.918762089,0.929587709,0.928230309,1.093971004,1.1035598,1.249456758,1.297210672,1.407751268,1.307147318,1.483819708,1.635764142,1.714529732,1.926847984,2.104768817,1.657211108,1.694554887,1.931207376,2.064176347,2.161955529,2.366436537,2.208289054,2.312372362,2.660163571,2.163430766,2.399332806,2.412811236,2.540741691,1990,0.511970716
"Korea, Rep.",KOR,6.90863463,7.290202456,7.838642742,8.362955221,8.975714208,9.480905533,9.912448606,8.413383487,9.103722687,10.08672525,10.18557799,10.3111286,10.3460575,10.72536362,10.69627676,10.77470486,10.94806842,11.07572998,11.18214174,12.07019309,12.59405769,12.59260859,12.47052756,12.28698031,12.59808424,12.8839107,13.00304617,12.99916538,12.5784611,11.84888626,12.19001004,11.37581528,11.09082679,1990,6.347754871
Kuwait,KWT,28.48707155,16.49140255,20.49862722,24.47371694,23.97358807,22.91344699,23.35324551,25.11877122,26.25700647,27.86977499,28.63637201,29.16633899,29.9423048,31.16334155,33.72192626,33.01429802,30.42856397,30.82411281,29.87650797,29.38748483,28.6880102,27.20078967,26.56152896,24.89803256,24.69267773,24.28395823,23.15394776,22.66641841,22.24560342,22.41007193,24.34014811,23.83568831,23.00099723,1990,19.23506323
Latin America & Caribbean (excluding high income),LAC,2.02054722,2.014899676,2.047172753,2.119105533,2.119721513,2.208178463,2.300054037,2.363803534,2.306342738,2.354836342,2.312848472,2.281790789,2.305113228,2.376013059,2.410901675,2.454220044,2.51865077,2.545810645,2.430899948,2.583469031,2.656777936,2.742852155,2.77535087,2.774033348,2.746498152,2.677501706,2.648480352,2.553112634,2.540193963,2.301663625,2.515329826,2.497997619,2.536738002,1990,1.991913217
Lao PDR,LAO,0.07102404,0.076190125,0.078142009,0.08396372,0.080435606,0.092197719,0.099805688,0.105044218,0.100116387,0.172061043,0.18638112,0.205742798,0.210602243,0.217585849,0.221926041,0.286524014,0.298205024,0.343065642,0.423077773,0.467525939,0.486447712,0.511690636,0.596576965,0.654511029,1.312535423,2.297200007,2.742048578,2.786472308,2.676274408,2.645846687,3.195489075,3.247900154,3.394758482,1990,0.059740883
Lebanon,LBN,2.019481525,2.123915673,2.984389817,3.220269222,3.666491194,3.73750149,4.030712649,3.932670395,3.982020442,3.535527355,3.752091702,3.688537078,3.63908317,3.628460026,3.548156302,3.395419538,3.08541204,3.717539897,4.318201257,4.097603628,4.116977563,4.475946294,4.022435351,3.933754425,4.156590012,4.406695492,4.755534301,4.594126554,4.659912325,3.826232403,2.948363116,2.936936601,3.00201282,1990,1.661449025
Liberia,LBR,0.131151362,0.11126868,0.114656869,0.114608489,0.116773206,0.123326326,0.112889035,0.108347028,0.106354928,0.137426203,0.151724284,0.149638973,0.160344565,0.172606475,0.206572827,0.207259853,0.182090732,0.147343512,0.132892792,0.196605476,0.211647081,0.226455583,0.205469998,0.259689726,0.262564249,0.288690742,0.249003645,0.278215618,0.287981829,0.300341997,0.307511062,0.312657376,0.29799577,1990,0.168505446
Libya,LBY,7.230767538,7.383728648,7.709582309,8.808746179,9.810951767,10.14943077,9.255013042,9.028977354,9.151543166,9.290048051,9.021328035,9.058058496,9.571683657,9.278307206,9.852259798,9.610747848,8.804120975,9.163938975,9.465536702,9.798272934,6.973637766,10.17168857,9.930419368,9.615120117,8.372966244,7.739102062,8.238269002,8.380616012,8.317972307,6.503066753,7.849001601,7.897029336,8.385088874,1990,7.342507343
St. Lucia,LCA,0.509604358,0.505589018,0.485646299,0.577147166,0.558674296,0.545747029,0.552536885,0.557936862,0.558384705,0.608387552,0.645294158,0.601332583,0.694580797,0.667320186,0.695678453,0.76692731,0.82380572,0.885029146,0.947789179,1.064912876,0.820134924,0.843632487,0.960379307,1.019306527,1.041136617,1.116450133,1.111476563,1.056960631,1.756153573,1.420476858,1.568434143,1.572874075,1.654349221,1990,0.513575662
Latin America & Caribbean,LCN,2.21539709,2.211686666,2.246577058,2.342376308,2.339862204,2.456992592,2.548394273,2.612750113,2.556825335,2.595769339,2.562940681,2.531209636,2.557697045,2.641013966,2.69258183,2.725321415,2.788545868,2.824548379,2.709970867,2.87236463,2.937073008,3.044690358,3.069688274,3.050616351,3.004522952,2.919444935,2.871805866,2.772668131,2.74226653,2.429119901,2.626106212,2.620237459,2.661728486,1990,2.19034975
Least developed countries: UN classification,LDC,0.14380716,0.14331577,0.139443544,0.145381225,0.159972791,0.167047216,0.17339023,0.174157938,0.18038728,0.180353041,0.18910678,0.19084833,0.202869879,0.207314517,0.212809251,0.220430117,0.230699813,0.239637605,0.252869539,0.265715734,0.276434987,0.287335986,0.301898342,0.315814537,0.324374894,0.347799686,0.365855658,0.371304889,0.374519279,0.352686565,0.373357605,0.375002439,0.371320512,1990,0.145957461
Low income,LIC,0.656032939,0.582084123,0.536121887,0.51341639,0.48975526,0.46003909,0.447010068,0.406826749,0.415201657,0.426295746,0.430435478,0.414362367,0.419096379,0.421792584,0.451832529,0.459027874,0.437871056,0.453165781,0.441137231,0.430282952,0.385481512,0.352668121,0.312874915,0.312209222,0.273025091,0.276118895,0.336692211,0.327604097,0.333351488,0.305755321,0.292822242,0.286567891,0.286029043,1990,0.679907662
Sri Lanka,LKA,0.268510164,0.329171785,0.316828731,0.360111238,0.355356174,0.491973814,0.481472145,0.487900545,0.529228945,0.594244955,0.580208672,0.600679035,0.644427059,0.660944896,0.713678573,0.648203301,0.689148176,0.644866753,0.61551514,0.647384567,0.757126168,0.845222395,0.720699538,0.860482241,0.939833095,1.107261068,1.091582727,1.014300877,1.099454204,1.010967654,1.025595775,0.900779947,0.931070472,1990,0.259123124
Lower middle income,LMC,0.727670535,0.731737015,0.739786233,0.745454893,0.777922399,0.805339955,0.826637407,0.834121301,0.859826216,0.870631135,0.878289857,0.885847315,0.89358608,0.938568498,0.958686699,0.986678819,1.036664139,1.068430127,1.113085315,1.16069327,1.200116044,1.258078355,1.274889437,1.337439053,1.349143132,1.381741528,1.437112862,1.48801625,1.479390091,1.375499667,1.467028303,1.506661652,1.573784926,1990,0.710056489
Low & middle income,LMY,1.766896158,1.750452535,1.76241473,1.771736151,1.847661756,1.834591167,1.864657193,1.859375542,1.836066907,1.891678078,1.919036485,1.977860272,2.123127415,2.29257345,2.445343687,2.592867948,2.73222322,2.785070427,2.847788799,3.023353477,3.182445927,3.253909852,3.321199647,3.338075333,3.269991873,3.260456331,3.31519223,3.403620445,3.426623875,3.331748403,3.481357391,3.460590475,3.5891445,1990,1.755981869
Lesotho,LSO,0.073491936,0.06149661,0.058576301,0.062976376,0.063850383,0.065503357,0.065035989,0.063361809,0.065044823,0.176504669,0.181322666,0.192111112,0.195863196,0.206379187,0.209106046,0.215160126,0.273746357,0.22298035,0.259328794,0.262892793,0.272739596,0.287314794,0.286311138,0.288833795,0.281097077,0.30566714,0.326501662,0.31594571,0.33438867,0.34704595,0.349053876,0.372597994,0.379974319,1990,0.060065337
Late-demographic dividend,LTE,3.73750518,3.614077775,3.571331552,3.509784185,3.631055172,3.589608662,3.552269874,3.541916702,3.500856275,3.609771505,3.697631368,3.835792988,4.190242622,4.564230379,4.930260046,5.28095595,5.568641427,5.690768689,5.816540617,6.265690617,6.690481006,6.813566011,7.004783567,7.005202262,6.899979252,6.868446739,6.967878675,7.21457377,7.358933828,7.335027248,7.697677874,7.663443774,8.010825128,1990,3.740948307
Lithuania,LTU,9.982333253,5.64509634,4.4037481,4.302182249,4.165272842,4.330393077,4.21402033,4.486451109,3.782633295,3.330698698,3.569907728,3.621712851,3.657604958,3.868643723,4.200656849,4.340426599,4.817079473,4.949079663,4.175703686,4.532683818,4.728354108,4.849197044,4.517513505,4.504449818,4.701557019,4.712486547,4.935965631,5.002921604,5.115676146,5.099029119,5.115967037,4.64398887,4.567024831,1990,9.497928249
Luxembourg,LUX,32.19354005,31.03894945,31.18485439,28.47204815,22.21670236,22.08413302,20.38002146,18.38050389,18.96997503,20.17121247,21.14059227,22.4846753,23.14748799,25.933922,26.04297894,25.26674805,23.62846958,22.94587128,21.31390586,22.11901301,21.39474136,20.46837155,18.99919022,17.65138347,16.34345967,15.53450604,15.4077567,15.57496505,15.51384595,12.60415692,13.00682432,11.12075737,10.51498282,1990,31.36938588
Latvia,LVA,6.787342096,5.471480734,4.701028756,4.160044939,3.716053079,3.764332242,3.622827703,3.492420599,3.290340609,3.053705307,3.280548698,3.317673611,3.459115236,3.515851112,3.586253165,3.848839479,4.050356197,3.893406671,3.618999948,4.232832989,3.996583983,3.945103988,3.86431401,3.797707071,3.866495881,3.816462766,3.825618562,4.206106973,4.104038934,3.800575548,3.941172413,3.542598821,3.489369862,1990,7.366574408
"Macao SAR, China",MAC,2.756433954,2.961714748,3.185416667,3.372227823,2.967016858,3.396049145,3.588545411,3.908358987,4.079550772,3.432652113,3.643235769,3.955063869,3.957844905,4.473718936,4.322914467,4.076568451,3.699942407,2.954318476,3.165607477,3.203165736,3.072780204,3.069026237,3.066565298,3.360141547,4.291180588,4.024061303,4.923658236,3.802549704,4.026785714,4.188065363,4.107985348,4.311678724,4.437831467,1990,2.838035528
Morocco,MAR,0.949098218,1.000116292,1.013926206,1.081446579,1.108436853,1.078453619,1.119032186,1.129367806,1.171734051,1.180592705,1.283423848,1.310405299,1.288041171,1.429318408,1.470577384,1.474334197,1.475152621,1.564744031,1.527908563,1.60244785,1.709479668,1.754884637,1.730734062,1.737988082,1.766401634,1.741575653,1.801215763,1.818725907,1.984316987,1.846873383,1.978825712,1.883168032,1.852382916,1990,0.921111486
Moldova,MDA,8.603633124,6.845903927,5.834307247,4.74685219,4.151225789,3.583016687,3.279715762,2.993124552,2.541985967,2.356677749,2.459995854,2.509595948,2.710045956,2.723907925,2.882811783,2.814784064,2.791219703,2.762203307,2.724195374,2.970317438,2.982522803,2.919354591,2.619810474,2.812673319,2.925340041,3.003760721,3.013368593,3.272307248,3.418030916,3.356494746,3.716375126,3.739973915,4.039494129,1990,10.68446616
Madagascar,MDG,0.078131214,0.076791656,0.0772125,0.092207568,0.100674138,0.093648065,0.099454239,0.10745438,0.106715375,0.102571163,0.100411327,0.066439076,0.085735531,0.090070151,0.093320843,0.086883985,0.088751268,0.089366961,0.082414114,0.088719733,0.100520105,0.121483539,0.126465773,0.126520593,0.13442168,0.124548122,0.132598562,0.122804477,0.141756315,0.107354689,0.137485723,0.13108604,0.131398543,1990,0.075300861
Maldives,MDV,0.426225831,0.454425408,0.523104817,1.09798981,1.319701226,1.314671027,1.147149682,1.274919974,1.253009964,2.254458033,1.960476624,2.335262811,1.947445285,2.451121883,2.234449089,2.66495885,2.705259817,2.843204331,2.825640658,2.920242134,3.062027329,3.72810986,4.052290849,5.301764676,3.709646529,3.910824979,4.004477544,4.501806176,5.065907232,5.003007261,5.103515617,5.305796919,5.468313327,1990,0.423559143
Middle East & North Africa,MEA,3.683757674,3.817852624,3.938905729,4.159808995,4.190316382,4.227779127,4.328296049,4.278182987,4.333685544,4.424351595,4.555826888,4.626331021,4.696382016,4.854984373,5.067912307,5.231715225,5.348347605,5.542367285,5.601431219,5.756818825,5.767393956,5.961573813,5.941725416,6.016084484,5.971681771,5.92665356,5.944159378,5.804649098,5.84815098,5.584146327,5.749292018,5.783119108,5.77183601,1990,3.613953596
Mexico,MEX,3.641646535,3.616395964,3.654569162,3.87802244,3.590475296,3.697943842,3.836350452,4.017545547,3.841490852,4.022424128,3.94369284,3.948182498,4.085240499,4.123198267,4.227225614,4.3253701,4.328612919,4.278766446,4.120959373,4.197385594,4.221660945,4.333449457,4.174393146,4.014016499,4.049650297,4.059954315,4.05637657,3.821488468,3.858565472,3.373961292,3.547866593,3.622837319,3.754391898,1990,3.497414941
Marshall Islands,MHL,0,0,0,0,0,0,0,0,0,0,0,0,0,0,0,0,0.001921783,0.005765904,0.009611873,0.009607255,0.00770609,0.005834419,0.003946252,0.002008193,0,0,0,0,0,0,0,0,0,1990,0
Middle income,MIC,1.851856014,1.840866033,1.858696849,1.871777441,1.956930622,1.946654896,1.981656841,1.98076447,1.956372757,2.017222873,2.048132848,2.115523427,2.275562841,2.462418505,2.629115487,2.792846894,2.950795847,3.010706393,3.084285988,3.282065823,3.465682534,3.551795898,3.633932539,3.656615105,3.589868417,3.583990064,3.643662918,3.748871079,3.780156841,3.684080945,3.859652473,3.844361273,3.996235033,1990,1.837705278
North Macedonia,MKD,4.814362299,4.3316115,4.505011326,4.401540449,4.361396904,5.104660598,4.632902809,5.064499884,4.643351831,4.459841587,4.531564975,4.30154686,4.667861425,4.563517453,4.818608409,4.837317798,5.225138721,5.144426077,4.656618245,4.7140777,5.287400937,4.985021927,4.575090653,4.355229075,4.15047871,3.999762893,4.205814952,3.995657079,4.628031693,4.087011428,4.166208521,4.577138764,4.794629219,1990,5.422280198
Mali,MLI,0.042369406,0.037923115,0.03622837,0.035406732,0.035580463,0.038002252,0.037157769,0.037483151,0.037515314,0.069416028,0.069525606,0.070654009,0.07014609,0.069735268,0.06985927,0.081886249,0.09334078,0.104981118,0.130406849,0.125203839,0.132703473,0.135802059,0.158840845,0.161945436,0.188473934,0.236576084,0.255735991,0.265497116,0.296429654,0.298367364,0.294729959,0.296676063,0.280224848,1990,0.034710306
Malta,MLT,6.095727576,5.918371788,7.575651481,6.710565986,6.321091413,6.136007686,6.47037156,6.186816581,6.237712151,5.472625337,6.347639354,5.869398867,6.556743656,6.496157182,6.524215395,6.562663456,6.697170563,6.674743941,6.105552552,6.260916556,6.203455466,6.487424648,5.593391037,5.45220661,3.757080617,2.998313408,3.329280618,3.234013577,3.318837762,3.14418666,3.138258482,3.310373633,3.047687278,1990,6.555608888
Myanmar,MMR,0.106233194,0.111097973,0.122575958,0.14504528,0.173682462,0.180313411,0.177229765,0.190364215,0.20640254,0.221709286,0.191692848,0.191284718,0.234800928,0.225839756,0.236951674,0.218722831,0.226840317,0.172648545,0.159971775,0.176010378,0.185609741,0.251965159,0.282921767,0.350014366,0.38628821,0.446004264,0.650061476,0.640911802,0.652954682,0.654628004,0.596140244,0.602575076,0.616406039,1990,0.111318584
Middle East & North Africa (excluding high income),MNA,2.482279263,2.65280282,2.715798375,2.863840447,2.910128157,2.906995522,2.998095963,2.887339341,2.92743445,3.005492233,3.096703973,3.113017856,3.142210932,3.271631225,3.43970945,3.537472831,3.605893752,3.677243317,3.723801862,3.735854764,3.677275492,3.79873509,3.790385314,3.806927112,3.714194381,3.716348182,3.823352118,3.793459192,3.831466025,3.636166785,3.761194173,3.790096723,3.775512095,1990,2.45977814
Mongolia,MNG,6.861825984,5.977193363,5.513387187,4.753002542,4.649013796,3.869295382,3.739194938,3.69918526,3.671822924,3.785916253,3.72751371,3.943606992,3.774551741,3.817953351,4.387702762,4.95378565,5.077271941,4.996176984,5.175735708,5.442700745,5.827011069,6.218533263,6.615325019,6.59056877,5.954545695,6.188019124,6.691792766,7.154410167,7.751999665,6.765560513,7.343499399,7.540011672,8.076968928,1990,6.264705462
Northern Mariana Islands,MNP,0,0,0,0,0,0,0,0,0,0,0,0,0,0,0,0,0,0,0,0,0,0,0,0,0,0,0,0,0,0,0,0,0,1990,0
Mozambique,MOZ,0.07296236,0.085306181,0.096148426,0.076168099,0.078781845,0.073566862,0.079138727,0.074755785,0.072728273,0.086642585,0.102299478,0.10481404,0.130225771,0.140123797,0.131275872,0.13598827,0.152370144,0.144323516,0.151957786,0.156805215,0.17968172,0.193172395,0.204254329,0.224530532,0.243250117,0.304761605,0.295085707,0.277552597,0.288692621,0.259224951,0.292940538,0.307083674,0.289580903,1990,0.088716386
Mauritania,MRT,0.44378919,1.092458103,1.03944759,1.044386771,1.056869392,1.027907868,0.994772128,0.986563358,0.978479741,0.408159205,0.434380086,0.472020024,0.482683011,0.518011172,0.523943208,0.565524976,0.607068924,0.663311834,0.640198901,0.623863708,0.652104838,0.706735554,0.626995344,0.698815179,0.690047477,0.636853056,0.887711965,0.90631293,0.966782073,0.980146,0.969719574,0.980302676,0.925904356,1990,0.361754167
Mauritius,MUS,1.18708807,1.237780571,1.348674199,1.369821161,1.391055515,1.442421314,1.430482355,1.552626159,1.879062375,2.058012947,2.159013681,2.188572173,2.275068611,2.280174578,2.424824181,2.69149981,2.753563563,2.802701666,2.755427363,2.938819578,2.918866436,2.980216294,3.064673329,3.163554307,3.168553757,3.225170861,3.332708772,3.30442162,3.327369598,2.965764992,3.153907263,3.207149494,3.341366379,1990,1.120256901
Malawi,MWI,0.179242108,0.190358654,0.190265989,0.200543164,0.205485316,0.215335288,0.23812646,0.247125975,0.247741542,0.274276768,0.272792563,0.263197323,0.258735037,0.251705159,0.277935466,0.287391918,0.300338611,0.306709509,0.288910895,0.302749213,0.376455402,0.362422235,0.311388275,0.299105895,0.286773876,0.278765962,0.298413805,0.298077281,0.293554757,0.268727864,0.310621034,0.289167128,0.305513303,1990,0.160918062
Malaysia,MYS,4.105413537,4.209514291,4.114251534,4.417887468,4.472986753,4.960660356,5.298556487,5.051752858,5.335046449,5.694037256,5.883041525,6.080511974,6.344348665,6.71601264,7.011580824,7.107708638,7.590838105,7.841049597,7.039383564,7.522902189,7.486743297,7.41258985,7.862517944,8.192060128,8.098172953,7.787692769,7.351561292,7.728767131,7.631655249,7.477034667,7.552400286,7.907148055,8.065851403,1990,3.612498304
North America,NAC,19.11920291,19.17806555,19.33946963,19.44694982,19.44183321,19.78419397,20.50592565,20.45005994,20.30908774,20.68381481,20.28882574,19.6872576,19.78463503,19.82741333,19.73506711,19.22570548,19.35241053,18.56632828,17.08064916,17.71618586,17.00633003,16.22081432,16.51590821,16.45970869,16.0181458,15.60319834,15.35145636,15.74858304,15.23051306,13.56266987,14.35693454,14.4040862,14.01684704,1990,19.55692797
Namibia,NAM,0.797211807,0.840266553,0.943927111,1.056734417,1.112491184,1.186924512,1.19649741,1.20387016,1.117392342,1.071400882,1.327806282,1.131129066,1.196580483,1.252212831,1.317971994,1.283104271,1.302982265,1.470990535,1.483445124,1.509187316,1.571337053,1.617749313,1.68319047,1.7022333,1.741355347,1.745768,1.669543448,1.635182497,1.598343554,1.420827467,1.406878659,1.472421342,1.47298686,1990,0.910025027
New Caledonia,NCL,9.496352862,9.361429984,9.400231587,9.594405308,8.56926125,9.394051718,8.513075014,8.255196289,7.701565482,9.749527114,9.606204465,10.45875747,11.08425794,9.705545314,10.65385607,10.5874844,10.86409413,10.38944154,10.33469388,13.16107377,13.10070045,12.89460412,13.94578466,16.76208289,15.89091988,16.96651295,16.51266461,21.73653898,21.94523388,22.71479646,19.66137707,20.48529724,21.41856694,1990,8.958607245
Niger,NER,0.069463782,0.063860676,0.075136343,0.060979386,0.0568324,0.06373414,0.06221128,0.064870423,0.061435167,0.060948962,0.059258529,0.059396829,0.062264671,0.0627778,0.058068396,0.056186386,0.058803224,0.059250425,0.071137928,0.087123958,0.085804362,0.115239481,0.109995206,0.114592549,0.108814174,0.104820936,0.092468335,0.094735599,0.103408799,0.101595384,0.116675523,0.114767822,0.10790957,1990,0.075102048
Nigeria,NGA,0.815718691,0.870388679,0.824285527,0.749486866,0.801761041,0.91097887,0.863442933,0.762153984,0.731242257,0.79365897,0.821769348,0.725466824,0.784874816,0.737360548,0.710620274,0.62268688,0.551614216,0.583368075,0.501455531,0.568500716,0.609298897,0.583423583,0.644514548,0.663324079,0.616825099,0.617495985,0.594333975,0.609462081,0.619418111,0.570700372,0.599378245,0.583043144,0.561436048,1990,0.77333798
Nicaragua,NIC,0.46360758,0.526207555,0.505059577,0.562436199,0.585470687,0.609390242,0.641429083,0.734470392,0.730397023,0.749786019,0.784146467,0.801295712,0.867555575,0.879532979,0.823626642,0.859757273,0.878076519,0.831493351,0.801735883,0.811806639,0.837954505,0.820532877,0.774000663,0.807979307,0.892523633,0.916766597,0.898288869,0.808208647,0.81979969,0.720290584,0.779067235,0.802908603,0.839042308,1990,0.471825144
Netherlands,NLD,11.34654891,11.13594253,11.27233825,11.2758712,11.49385025,12.09965064,11.54074302,11.51792785,11.14405005,11.10887919,11.31243075,11.26412779,11.36160054,11.47331013,11.16431824,10.87382245,10.92162252,10.94466463,10.57329689,11.20488025,10.43129624,10.2443324,10.08081678,9.593141017,10.00108442,10.03105991,9.81196052,9.460565063,9.101271073,8.135200527,8.345082577,7.512052156,6.873149625,1990,11.02705345
Norway,NOR,7.935412175,8.482710787,8.929100269,9.334842653,9.324589189,9.344798025,9.830137723,10.17774262,10.47053136,9.300691811,9.367574773,9.163054886,9.736344309,9.775888465,9.368326588,9.443156005,9.53568508,9.878818308,9.345052919,9.81428243,9.476593188,9.243484154,9.228480145,9.146910243,9.242133775,9.049675815,8.983927892,8.83931523,8.55355078,8.275175552,8.33924398,8.164717442,7.983413273,1990,8.561058859
Nepal,NPL,0.066907893,0.068462885,0.073564131,0.087335183,0.092670682,0.096223431,0.104110935,0.108296509,0.138282797,0.139298831,0.146508074,0.11781761,0.131886485,0.11249332,0.124506556,0.102098875,0.104205194,0.114301436,0.149552672,0.174991164,0.195175633,0.226065706,0.228191407,0.265672944,0.26313965,0.385015994,0.4712034,0.530230232,0.473719634,0.56808237,0.562887002,0.579560737,0.603941173,1990,0.055740015
Nauru,NRU,0,0,0,0,0,0,0,0,0,0,0,0,0,0,0,0,0,0,0,0,0,0,0,0,0,0,0,0,0,0,0,0,0,1990,0
New Zealand,NZL,7.31123573,7.698926862,7.616846761,7.679834254,7.818696575,7.9613612,8.262343638,7.956513761,8.323746447,8.526168442,8.971343899,8.841585412,8.898217124,8.668599388,8.734270302,8.655618219,8.288673706,8.476947275,7.748896016,7.669662353,7.444525547,7.874707924,7.769703519,7.797675191,7.661929969,7.354807917,7.520047366,7.313553442,7.491685411,6.926643354,6.900318901,6.761686078,6.853228925,1990,7.471920235
OECD members,OED,10.66766318,10.56816096,10.55216142,10.64390563,10.69866737,10.93790215,11.08658679,11.00446776,10.96372766,11.15968879,11.05664974,10.90335748,11.01890293,11.04867029,11.00833263,10.88165751,10.92839223,10.56845868,9.862496794,10.21989309,9.989631754,9.792438012,9.773326816,9.53944166,9.437670307,9.33669572,9.274180739,9.246285427,8.925284271,8.11473438,8.543074925,8.367470381,8.027223164,1990,10.75306905
Oman,OMN,10.75603047,10.59936912,10.23947964,9.376203866,9.502963413,9.716791397,10.03747626,9.965448648,11.19397188,11.53185334,12.32866869,13.02972864,13.61475356,13.21403963,13.43299176,16.75886106,17.73043381,17.02931892,17.54550578,18.67412816,19.41677016,19.01166754,18.42297934,18.74551992,18.95483638,18.60803662,18.14948486,18.55991363,18.80759472,18.17522488,19.57026716,19.23172381,18.43716387,1990,9.302963683
Other small states,OSS,7.398050279,6.510401905,6.187886761,6.338082074,6.117928115,6.285126947,6.256459832,6.052612866,6.019719404,6.1347115,6.141875882,6.018413677,6.3655791,6.362828244,6.573625476,6.911678369,7.153667847,7.132738179,6.63628623,6.981564744,6.971467087,6.913596701,7.162676066,7.174346391,6.793202479,6.745167495,6.823569277,6.875022393,6.477810463,6.262003404,6.345437684,6.254423499,6.192938409,1990,7.81302919
Pakistan,PAK,0.567280274,0.606190293,0.655609536,0.654444012,0.682529813,0.693942826,0.695197122,0.682751784,0.727643381,0.722280672,0.715435117,0.694198814,0.702938338,0.76719872,0.763118546,0.808545331,0.877730305,0.825057688,0.823380769,0.781107932,0.761781093,0.756405714,0.761674184,0.789553024,0.820351031,0.893837153,0.955178532,0.891393768,0.862094996,0.946681903,0.988583071,0.897331151,0.810127105,1990,0.564951785
Panama,PAN,1.250386223,1.461229608,1.462697971,1.52449143,1.607490686,1.586201414,1.634472511,1.975628854,1.695325802,1.723742172,2.020663051,1.728189678,1.717533381,1.693551984,2.142754086,2.218739778,2.174697235,2.07261627,2.43326962,2.529285235,2.70623703,2.778741325,2.682017677,2.766937446,2.683966177,2.646183278,2.475341614,2.381150039,3.094268779,2.233011224,2.501953213,2.726361937,3.301479178,1990,1.106946904
Peru,PER,0.900062378,0.920007287,0.948646359,0.95411539,1.063160135,1.146531939,1.122451333,1.059612221,1.119378135,1.089696192,0.998950439,1.029704506,0.998894508,1.142351822,1.132899046,1.111596321,1.20469884,1.357601042,1.4523921,1.576063056,1.678015141,1.662026792,1.687431641,1.767954165,1.802252968,1.862576294,1.762385946,1.73484299,1.792318929,1.447017546,1.606613873,1.703078538,1.72558237,1990,0.946755249
Philippines,PHL,0.665281202,0.707203707,0.74452003,0.785660056,0.926987667,0.94996357,1.039721787,0.997089048,0.951436671,0.932441191,0.880483905,0.877841282,0.882266978,0.875840435,0.896020429,0.792682424,0.844793242,0.838628468,0.833016102,0.881750416,0.860716468,0.893216298,0.954798182,1.002138153,1.074529342,1.136202587,1.254372781,1.290932531,1.334754958,1.211622667,1.287227915,1.321805599,1.403835119,1990,0.677384874
Palau,PLW,137.0500833,122.3215961,122.2636208,178.6404293,136.650189,125.2747253,139.0656064,123.0187864,128.0302629,110.6476171,122.1372468,74.04501872,87.39508622,76.78102926,87.55234876,86.64829276,71.68169102,73.53358935,116.190069,114.7368993,131.0819781,202.8651844,103.3714869,71.56082416,67.26505346,64.29735349,67.16258702,69.07488492,71.26081582,71.74010791,74.7342968,78.72627963,81.2094545,1990,141.2871092
Papua New Guinea,PNG,0.551663332,0.602251327,0.593144162,0.570040498,0.533344472,0.527864002,0.534354956,0.642827971,0.507857709,0.53196062,0.625563527,0.693247454,0.739533347,0.761467886,0.800118729,0.787984682,0.758758901,0.710218374,0.66829696,0.554252604,0.568571482,0.527149414,0.551110013,0.649608533,0.683144452,0.738697647,0.708650471,0.719600899,0.742303317,0.607503495,0.555114125,0.569685752,0.572859393,1990,0.555629554
Poland,POL,9.653912482,9.392094869,9.379703416,9.201564542,9.235251159,9.642603879,9.383208028,8.640137705,8.397305337,8.18162355,8.098441344,7.912642422,8.252764002,8.314749204,8.307991692,8.671182842,8.664067369,8.512780034,8.160671519,8.657718463,8.588679555,8.39923607,8.282530931,7.959281522,8.048854417,8.340905303,8.695218248,8.678514013,8.220176358,7.833493012,8.75705916,8.616969824,7.820318898,1990,9.74855882
Pre-demographic dividend,PRE,0.451336882,0.503859868,0.534827824,0.533190755,0.539432032,0.552640092,0.581594638,0.500842529,0.454932559,0.488222629,0.510096824,0.470102571,0.459844462,0.46555925,0.453136072,0.432761401,0.409839988,0.437413072,0.430835899,0.47153302,0.489684329,0.502986685,0.531629111,0.528877613,0.522852975,0.538055906,0.53897754,0.54871297,0.562375863,0.506699899,0.524433948,0.529081603,0.516089913,1990,0.486286371
Puerto Rico,PRI,5.482761622,5.649764475,5.744383137,5.866705835,5.936896144,5.954806553,6.064190582,6.132208582,6.617753674,6.608924305,6.510780685,5.268089738,6.830515186,6.841765011,6.885581633,4.459249861,4.746926708,4.093897523,3.735633259,3.609729882,3.171554764,3.119421498,3.044243138,3.256580008,3.482951902,3.331491849,3.497383383,4.289220675,3.946276631,3.805967716,3.878360606,3.923278469,4.309616866,1990,5.377099237
"Korea, Dem. People's Rep.",PRK,5.9227096,5.160441326,4.711880642,4.250701361,3.930464738,3.452955846,3.317578815,2.696884688,2.918017283,3.118675766,3.219477112,3.067289626,3.112532887,3.155010507,3.268404033,3.312951408,2.758441269,3.006612095,2.880024272,2.762271875,2.028367024,1.947891077,1.499562703,1.637761617,1.280111514,1.404663479,2.850698333,2.561668406,2.818194066,2.6430967,2.183338445,2.258557107,2.432962513,1990,6.250646251
Portugal,PRT,4.566448482,4.941464923,4.831216271,4.961765096,5.283719336,5.094731738,5.318085104,5.726759602,6.351966387,6.259702477,6.143366579,6.516372797,6.020038014,6.1734031,6.472785298,5.99647149,5.83221189,5.626804703,5.548517176,5.050165041,4.882273935,4.748363361,4.618154121,4.597847797,5.008304631,4.908259706,5.369125171,4.985568595,4.537857918,3.974553565,3.779515416,3.785455552,3.419427587,1990,4.411373166
Paraguay,PRY,0.514216415,0.600526613,0.667431331,0.758730398,0.840799807,0.810445899,0.877584154,0.899648471,0.882006982,0.713368784,0.72774216,0.75117917,0.765671455,0.765639572,0.697986838,0.744375991,0.700041335,0.810018715,0.827121284,0.909851235,0.933250049,0.913429319,0.938378874,0.976982644,1.078111537,1.198855648,1.332631818,1.35663323,1.304194069,1.202349154,1.340403358,1.209783825,1.205979533,1990,0.540420398
Pacific island small states,PSS,1.961331778,1.880436359,1.936002953,2.493334689,2.084308296,2.024822176,2.18336657,2.033293045,2.116429172,2.069164079,2.238947715,1.660976875,1.892726182,1.977622984,1.96043463,1.985220564,1.792329921,1.598847523,1.832610225,2.083821999,1.98716101,2.453353085,1.762199577,1.596876659,1.565910558,1.529868908,1.627928935,1.681583346,1.739859288,1.739341836,1.799204949,1.87470186,1.912075751,1990,2.063069136
Post-demographic dividend,PST,12.23901273,12.04849848,11.95221559,11.94159731,12.02763204,12.2162917,12.38162243,12.31031523,12.32115773,12.5395245,12.4782444,12.31821317,12.47797284,12.497855,12.44328117,12.26717583,12.31599702,11.90124528,11.05346746,11.48390596,11.23400715,10.97936377,10.99012228,10.70414621,10.53261408,10.38645685,10.27445959,10.30589137,9.954695205,9.033263109,9.487085216,9.282408079,8.896541004,1990,12.38708647
French Polynesia,PYF,4.257644023,4.321253173,4.303988031,3.44430323,3.210905915,3.133190533,3.243264476,3.283510312,3.230837507,2.98955217,3.444532297,3.588336192,3.71090102,3.45349574,3.625721079,3.362928012,3.558051029,3.6128013,3.465179363,3.656589548,3.521181186,3.384672848,3.61594013,3.556969033,3.617930945,3.608808717,3.58852785,3.754266212,3.884831239,3.938984775,4.121990622,4.341638788,4.478546376,1990,4.184496702
Qatar,QAT,39.63192504,40.39884426,40.18326471,41.05642305,40.79152287,43.06726223,50.67611262,51.74613291,53.11363265,49.22843645,47.83611756,50.89924846,51.38945214,53.23560903,52.77281054,50.35396693,46.4559261,43.34932562,39.76125348,44.6608553,51.19645289,53.59838787,53.29321351,51.47626694,48.65870184,46.04299441,44.8204115,44.52016364,44.59624726,41.26148651,47.09390757,44.6800608,48.15751467,1990,38.57920145
Romania,ROU,6.608620306,6.069846283,5.759213962,5.637800723,5.880621241,6.036905957,5.514087138,4.842281701,4.147304829,4.340673078,4.717280025,4.758262306,4.994821159,4.921403142,4.900775973,5.229586444,5.127687224,5.130116918,4.206940208,4.116023656,4.457703198,4.368663231,3.979224461,3.967009057,4.051925512,3.99419011,4.175138594,4.261570702,4.189240895,3.929562295,4.204955125,3.988859596,3.713286182,1990,8.091894456
Russian Federation,RUS,16.12951882,14.81659495,13.53068805,12.20366607,11.89675105,11.63763228,10.8497494,10.9101107,11.28219086,11.46780222,11.53790307,11.52928902,12.01005529,12.06970358,12.1188174,12.4164803,12.45756927,12.36010057,11.64024617,12.22859367,12.81348852,12.69193619,12.26790427,12.13378879,12.14773716,11.96120883,12.13513139,12.66482591,13.13010236,12.59110356,13.52657132,14.0403956,14.38891528,1990,16.46461431
Rwanda,RWA,0.066108974,0.064946339,0.062722932,0.070564659,0.082867505,0.070296108,0.062125753,0.061497107,0.063022281,0.082834881,0.08392568,0.097426484,0.082486353,0.077862328,0.081914817,0.080038747,0.070921964,0.069092352,0.0691024,0.070772595,0.072027542,0.078135525,0.084834685,0.084207696,0.094888137,0.101382788,0.107301554,0.116672042,0.118001553,0.11083867,0.125890473,0.118833524,0.117955027,1990,0.074952812
South Asia,SAS,0.631737186,0.644379217,0.662491868,0.687141777,0.721887031,0.740882684,0.762648565,0.765569354,0.803633972,0.815351883,0.816383492,0.827778513,0.838946913,0.8906157,0.912221642,0.957742491,1.02818073,1.068424984,1.143094784,1.188715524,1.240527179,1.327741228,1.346165577,1.429072399,1.432539291,1.45806925,1.526708322,1.581150021,1.546472752,1.421419585,1.542973417,1.62178022,1.707629657,1990,0.604117788
Saudi Arabia,SAU,15.91510387,16.34100235,16.46131071,17.15775794,16.34091327,16.66684621,16.22364694,16.72005809,16.43698728,16.39519458,16.18336807,16.3989211,16.41172214,16.62551323,16.84734208,17.09010387,17.34038235,18.05610705,18.33435229,20.3045213,20.29380277,20.60987293,19.80851147,20.69713694,20.50686431,19.69041808,19.47617865,19.20884231,19.30951241,18.09340366,18.98716957,18.81129406,18.72619444,1990,16.34304577
Sudan,SDN,0.219917727,0.204109894,0.142611029,0.204371595,0.186303233,0.179549174,0.212338683,0.18599721,0.200618394,0.21568663,0.22961226,0.273621222,0.274722049,0.300105015,0.347605581,0.415066874,0.439486652,0.45726889,0.460682922,0.477483749,0.449245653,0.474552868,0.466412704,0.476932446,0.538705972,0.580280239,0.554132847,0.539979158,0.515394964,0.456248148,0.478809503,0.433405221,0.425102189,1990,0.251790513
Senegal,SEN,0.299379901,0.319940453,0.303967658,0.302223612,0.311298436,0.3276823,0.352076454,0.385932708,0.41586137,0.400250395,0.4418903,0.447353742,0.423778138,0.471641728,0.511620696,0.488187314,0.528353292,0.534784789,0.534326996,0.552209888,0.577070718,0.553187541,0.571817252,0.592286573,0.631630983,0.684837249,0.659302015,0.674554736,0.674399352,0.644121683,0.709801661,0.700103557,0.665128001,1990,0.306300493
Singapore,SGP,10.67885603,10.58520481,11.91279477,12.18122706,11.73035313,11.58385421,11.11532603,10.45764515,10.45998924,11.301037,11.09387793,10.82800321,10.31455522,10.68552684,9.782894592,9.535541815,9.449136872,8.868875372,8.774287614,9.630348815,9.904897826,9.442257856,9.748772124,9.849619469,9.970673904,9.449121794,10.13810318,9.61665469,9.801301606,9.476104272,10.21157533,9.89125109,9.643746975,1990,10.38622547
Solomon Islands,SLB,0.484874377,0.51674451,0.508489991,0.507392788,0.447323209,0.439383953,0.440028075,0.440259526,0.428571429,0.535338469,0.576454217,0.592783899,0.59636944,0.603652254,0.618738097,0.609852846,0.647198074,0.645256393,0.632646326,0.672460636,0.674208104,0.64818011,0.660565262,0.606897625,0.521726891,0.488542058,0.485800791,0.499787759,0.494817667,0.491472106,0.503153066,0.518522122,0.523496728,1990,0.481844102
Sierra Leone,SLE,0.196831711,0.124160959,0.121405874,0.124918975,0.13517009,0.151957154,0.146225089,0.152288813,0.155695532,0.098245528,0.116393151,0.116022838,0.118276752,0.114307757,0.103240591,0.127567666,0.115839142,0.110115456,0.108031414,0.11458023,0.137022954,0.150524799,0.16918251,0.175950009,0.144138921,0.145656103,0.138942737,0.134898604,0.129177595,0.131487188,0.131210898,0.133251869,0.127049049,1990,0.150518439
El Salvador,SLV,0.60193879,0.666534303,0.714581401,0.820982515,0.890208848,0.786731265,0.957930581,0.997656604,0.984663251,0.975423691,1.010965037,1.011620726,1.09668941,1.136948219,1.170661675,1.230624364,1.293964682,1.175294566,1.13996064,1.107535304,1.152652482,1.144083841,1.079748141,1.104713567,1.174527902,1.181573345,1.066816576,1.141353743,1.302408524,1.067257256,1.203910239,1.260763983,1.328066458,1990,0.480209551
Somalia,SOM,0.069873315,0.057920524,0.057787299,0.054747561,0.05422095,0.054219526,0.052412127,0.051291062,0.050717971,0.071333915,0.071609556,0.076889545,0.075324268,0.072152528,0.070958645,0.071705148,0.069604265,0.065720182,0.065018555,0.064607386,0.064419058,0.063308713,0.061594795,0.058128155,0.059078887,0.05785177,0.054958798,0.05350595,0.054550657,0.054680773,0.053649289,0.048657736,0.047291149,1990,0.088623006
Sub-Saharan Africa (excluding high income),SSA,0.901261698,0.881913572,0.854890001,0.840655113,0.869314365,0.901991918,0.904250138,0.88460516,0.844489678,0.845922215,0.853689354,0.836926235,0.863065931,0.886924566,0.883959421,0.86282525,0.862250652,0.886412401,0.822733654,0.838697057,0.821792095,0.823893021,0.845584914,0.855107753,0.818282422,0.81091325,0.798666787,0.795908527,0.791912358,0.701822139,0.719167997,0.688501571,0.660313646,1990,0.931275215
Sub-Saharan Africa,SSF,0.901852739,0.882382053,0.855349375,0.841099277,0.869776235,0.902456796,0.90473604,0.885089634,0.844981392,0.846947658,0.854790754,0.837886863,0.864005694,0.888239079,0.885114822,0.864069312,0.863222565,0.887424553,0.823837675,0.839652521,0.822580271,0.824777345,0.846352299,0.855969774,0.819171702,0.81188516,0.799649294,0.796751975,0.792791352,0.702733804,0.720071267,0.68942094,0.661241389,1990,0.931663675
Small states,SST,5.643824277,5.004850703,4.788193326,5.000266744,4.811623238,4.923516223,4.953626322,4.811185541,4.780515868,4.809781107,4.843583974,4.66754797,4.93537824,4.965072829,5.120082517,5.36654174,5.539668494,5.520829396,5.212095111,5.528994826,5.469567256,5.540883601,5.625663497,5.637890896,5.382316035,5.393127671,5.437507067,5.474672591,5.268634585,5.102162082,5.184016659,5.131365096,5.107102802,1990,5.928137059
Sao Tome and Principe,STP,0.406533171,0.338771368,0.324219918,0.387999879,0.392156863,0.400841109,0.395185788,0.397865735,0.405077154,0.382591065,0.378479932,0.426888649,0.470698376,0.523762722,0.553084342,0.580180876,0.575132587,0.604742423,0.646039145,0.683160801,0.691627749,0.710518953,0.699981361,0.670844196,0.696486612,0.711869566,0.705416244,0.68605575,0.782128665,0.807137765,0.804195332,0.905415258,0.927357702,1990,0.313059034
Suriname,SUR,3.0160501,2.932548511,2.933335241,2.928440367,2.935480417,2.837089534,2.86028652,2.847360988,2.731326406,3.105049272,3.124588951,2.251128283,2.437333881,2.711495691,3.251218437,2.91620714,2.663384907,2.716823795,2.669951138,3.18080895,3.515385542,4.344217278,4.020421075,4.554610661,4.685133256,5.036264987,4.126067645,3.586744574,4.392275591,4.25253586,4.220289499,4.074689809,4.179771851,1990,2.660408783
Slovak Republic,SVK,9.929526819,9.27303518,9.04442093,8.490551745,8.532974363,8.557046511,8.462537136,8.285032453,8.132419821,7.734972313,7.802553958,7.793897315,7.885436599,7.78163089,7.858108434,7.857430802,7.689657059,7.648469587,6.909393759,7.400006084,7.017748274,6.675371733,6.718688261,6.271637081,6.362991563,6.527014999,6.934600326,6.831625563,6.376854163,5.975129822,6.722368198,6.545512387,6.424040953,1990,11.44045304
Slovenia,SVN,6.957036234,6.651546859,7.0191179,7.076201731,7.526916304,7.910579555,8.172487205,8.095763637,7.784644322,7.560566638,8.48157184,8.626543597,8.545231251,8.712366275,8.815960617,8.941644393,8.880632588,9.34445678,8.280853413,8.377839707,7.834159748,7.544044967,7.531191246,6.85273378,6.929433093,7.275977922,7.427549908,7.398304831,7.045444207,6.383741776,6.527649106,6.217531945,5.695223822,1990,7.500897075
Sweden,SWE,6.688161998,6.943462712,6.912207186,7.168070591,7.096571076,7.663591825,6.98554905,7.11817705,6.963691288,6.535334496,6.526153445,6.653958484,6.659329651,6.456196126,6.039178823,6.067514968,5.776166221,5.608669842,5.045816456,5.638791801,5.128480012,4.803540653,4.5796317,4.411717689,4.377741172,4.296032937,4.163934928,3.874935702,3.807785804,3.650380231,3.828871319,3.452732308,3.358967078,1990,6.676130572
Eswatini,SWZ,1.199860381,0.967017731,0.843801927,1.502246677,1.460172933,1.146345726,1.148181814,1.155294988,1.226932562,1.053375507,1.057499829,1.021010136,0.940939346,0.925398753,0.917219482,0.920294051,0.94608533,0.922327931,0.949280326,0.76921693,0.732488663,0.721084331,0.85151196,0.864473171,0.893059494,0.974939692,0.958387836,0.949672735,0.994851993,0.9683675,1.032493973,1.109673587,1.129779132,1990,1.266580165
Seychelles,SYC,5.354988004,4.492460749,4.419193667,4.286773128,4.495113141,4.595836005,4.821583311,4.818253304,4.865066534,9.378659205,10.25713652,9.00708288,9.166354598,12.86329191,11.6500519,12.52836879,10.17957734,10.63871383,11.71275401,10.25732427,9.017508949,10.17972209,9.036231642,10.16539148,10.47217375,11.50754671,11.77446449,10.38320828,10.95620999,11.42674331,11.53156421,10.03103155,10.33037496,1990,3.818320457
Syrian Arab Republic,SYR,2.781911868,2.680416099,2.672567352,2.73652904,2.771564038,2.898281967,2.810649065,2.908470215,2.785693251,2.758793664,2.698445131,2.62341018,2.570268836,2.619317632,3.125742296,3.135256456,3.113436641,3.081732386,2.8396773,2.788400769,2.564155464,2.0266907,1.439637213,1.331052278,1.318414602,1.284542734,1.394614461,1.463271366,1.329999989,1.214574514,1.172846125,1.126021957,1.084776815,1990,2.623646894
Turks and Caicos Islands,TCA,0.414465664,0.393215112,0.366354045,0.355549359,0.33218177,0.310815097,0.309428467,0.331164304,0.322957848,0.945008009,0.939926441,1.257464679,1.274911401,1.225061253,1.40070035,1.695657366,1.994670727,2.140226784,2.284175178,2.461414304,1.808986578,1.80222243,1.9909072,2.165477889,2.182761918,2.29675062,2.209806329,2.201689165,2.511235695,1.982607128,2.152819221,2.133182106,2.231698342,1990,0.427789185
Chad,TCD,0.045990155,0.037963407,0.019218162,0.021051235,0.020750271,0.020701453,0.02076824,0.020380811,0.020139358,0.028453636,0.027464402,0.028762009,0.041684966,0.045897011,0.046591374,0.046700934,0.051201715,0.042348158,0.041912755,0.042265732,0.053963164,0.092248897,0.096756435,0.098945088,0.109362469,0.1098338,0.138426254,0.139986734,0.141736194,0.124280981,0.122849813,0.135841619,0.133101686,1990,0.039279051
East Asia & Pacific (IDA & IBRD countries),TEA,1.866095771,1.928692118,2.060387296,2.153528075,2.35259634,2.338300407,2.394654558,2.406046292,2.35726363,2.468467724,2.565224363,2.730123082,3.08459406,3.480931694,3.869464066,4.216930539,4.531475909,4.623959571,4.885382864,5.297168523,5.719864123,5.845534735,6.051095357,6.098136935,6.00912398,5.99322854,6.088361741,6.373819036,6.529117168,6.554556973,6.831522536,6.795996207,7.172984446,1990,1.787162899
Europe & Central Asia (IDA & IBRD countries),TEC,10.91852601,9.974842293,9.110891222,8.216302662,8.031625416,7.79167431,7.396313673,7.314864491,7.326824999,7.428897657,7.400760516,7.441566916,7.79197617,7.79983264,7.823146092,8.106494092,8.230460751,8.240418399,7.603861584,7.988845283,8.336905571,8.215735483,7.988755497,7.691890507,7.537211384,7.559727269,7.719770416,7.895134201,7.890229331,7.629275312,8.151259027,8.144722784,8.188976388,1990,11.39213033
Togo,TGO,0.169697441,0.125873455,0.097636266,0.176985702,0.16711133,0.246709161,0.179723727,0.215227057,0.270745434,0.243344552,0.213363368,0.221418683,0.258817863,0.241797255,0.224308429,0.203205368,0.196757,0.249465677,0.413714263,0.375011697,0.334982825,0.311559252,0.260972498,0.231998876,0.201586936,0.266521122,0.22593625,0.241391644,0.233697756,0.255533051,0.277077606,0.278346857,0.267896573,1990,0.18873346
Thailand,THA,1.868970089,2.016747772,2.254427146,2.478374244,2.766944026,3.068531435,3.085870461,2.714568607,2.801378506,2.774582804,2.882773146,3.034655554,3.127484751,3.377601009,3.471456473,3.497249349,3.543681318,3.532948841,3.404862342,3.591217351,3.574268647,3.812528463,3.950864766,3.878392056,3.965614507,3.895124461,3.891777294,3.847028358,3.976937477,3.83072746,3.729278541,3.845649053,3.82358005,1990,1.742192386
Tajikistan,TJK,2.099056072,1.514603321,1.012857134,0.616029751,0.511987391,0.445147904,0.484785488,0.520562393,0.482526009,0.443057663,0.427897406,0.421837053,0.422943347,0.493612665,0.460798415,0.494433917,0.562959615,0.516542904,0.407183758,0.401312522,0.393902197,0.436980695,0.437376258,0.56590951,0.589043758,0.644658006,0.76312362,0.881455515,0.948586805,0.96276557,0.940953804,0.901944585,0.895897986,1990,2.282446662
Turkmenistan,TKM,10.04495974,7.169969546,6.657264507,8.249985061,8.209027337,7.338022557,7.264367392,7.393072951,8.583936049,8.584349279,8.616807642,9.061687212,9.899863586,10.35137905,10.47007308,10.67747792,11.59150778,11.58785107,10.02076091,11.07988058,11.63699584,11.75777897,10.98985561,10.40010811,10.54313464,10.31386433,10.08072615,9.73066884,9.623638878,9.597445263,9.206049653,9.214041728,8.960317135,1990,12.15079023
Latin America & the Caribbean (IDA & IBRD countries),TLA,2.173385893,2.183475896,2.223878277,2.320575781,2.314296353,2.43114459,2.519606593,2.586660362,2.524505747,2.565389636,2.535172557,2.514335028,2.532520845,2.619500202,2.670945141,2.720452572,2.781568743,2.824764527,2.709397537,2.874678546,2.945996048,3.054383019,3.079890135,3.062397792,3.009437863,2.92620225,2.877641595,2.771158405,2.744633622,2.42996289,2.631439327,2.625465378,2.663723365,1990,2.127021474
Timor-Leste,TLS,0.002312798,0.002377026,0.00231302,0.002368285,0.00230376,0.002241444,0.002180588,0.068538932,0.195879463,0.30640676,0.153155005,0.120456027,0.287824552,0.555176445,0.368655431,0.349069268,0.311775728,0.30103765,0.318479158,0.308293975,0.333991769,0.554064949,0.654615753,0.629493283,0.576866747,0.537974065,0.549890829,0.533167602,0.503172694,0.490101074,0.493134411,0.520048638,0.507770793,1990,0.002235827
Middle East & North Africa (IDA & IBRD countries),TMN,2.482279263,2.65280282,2.715798375,2.863840447,2.910128157,2.906995522,2.998095963,2.887339341,2.92743445,3.005492233,3.096703973,3.113017856,3.142210932,3.271631225,3.43970945,3.537472831,3.605893752,3.677243317,3.723801862,3.735854764,3.677275492,3.79873509,3.790385314,3.806927112,3.714194381,3.716348182,3.823352118,3.793459192,3.831466025,3.636166785,3.761194173,3.790096723,3.775512095,1990,2.45977814
Tonga,TON,0.9519996,0.999780048,1.012956655,1.409659964,1.162384635,1.323360758,1.422412937,1.477492405,1.466985477,0.984641156,0.929440012,1.0195044,1.201370807,1.064042409,1.146956119,1.252670513,1.070029796,1.155858718,1.220115109,1.175046555,1.115552663,1.099013586,1.115074992,1.236293371,1.269616853,1.357037262,1.678119898,1.490048974,1.788604037,1.818285022,1.910133662,2.024904324,2.103310802,1990,0.899699097
South Asia (IDA & IBRD),TSA,0.631737186,0.644379217,0.662491868,0.687141777,0.721887031,0.740882684,0.762648565,0.765569354,0.803633972,0.815351883,0.816383492,0.827778513,0.838946913,0.8906157,0.912221642,0.957742491,1.02818073,1.068424984,1.143094784,1.188715524,1.240527179,1.327741228,1.346165577,1.429072399,1.432539291,1.45806925,1.526708322,1.581150021,1.546472752,1.421419585,1.542973417,1.62178022,1.707629657,1990,0.604117788
Sub-Saharan Africa (IDA & IBRD countries),TSS,0.901852739,0.882382053,0.855349375,0.841099277,0.869776235,0.902456796,0.90473604,0.885089634,0.844981392,0.846947658,0.854790754,0.837886863,0.864005694,0.888239079,0.885114822,0.864069312,0.863222565,0.887424553,0.823837675,0.839652521,0.822580271,0.824777345,0.846352299,0.855969774,0.819171702,0.81188516,0.799649294,0.796751975,0.792791352,0.702733804,0.720071267,0.68942094,0.661241389,1990,0.931663675
Trinidad and Tobago,TTO,10.24591755,10.44237753,10.11280268,11.11103349,10.66802865,11.43183943,11.37171896,13.70245569,14.03467538,14.49740637,16.39343768,17.63971919,20.27505604,21.4153622,27.05280982,29.70397798,30.2512761,29.44328501,28.5735658,31.13156573,31.06582059,28.50185067,27.82022697,27.60604545,27.19478212,24.87534115,23.96440305,23.97606521,24.33017958,21.78353363,20.95611301,20.4446462,19.90201169,1990,10.11692946
Tunisia,TUN,1.793520381,1.866971218,1.897987223,1.87636498,1.886771446,1.918299042,1.95006618,2.010078532,2.088150089,2.163803446,2.230143904,2.183820613,2.141043279,2.244091502,2.286164888,2.342513007,2.392445216,2.411702577,2.38140641,2.575576027,2.412411865,2.56498687,2.532805462,2.678803309,2.694026379,2.589924912,2.600172113,2.565514775,2.546609998,2.398084459,2.574078596,2.513166153,2.58167109,1990,1.774579137
Turkiye,TUR,2.675286832,2.741223944,2.788569879,2.725374737,2.922907869,3.139873114,3.252673867,3.232082752,3.167005881,3.47027994,3.120552503,3.241916577,3.386052516,3.438657254,3.549305818,3.911451708,4.28042733,4.21561191,4.183302631,4.267659619,4.482810993,4.577613759,4.384122346,4.604101139,4.702266072,4.934894769,5.393643979,5.268730271,5.008961068,5.070409816,5.474391947,5.104096776,5.136954501,1990,2.769898429
Tuvalu,TUV,0,0,0,0,0,0,0,0,0,0,0,0,0,0,0,0,0,0,0,0,0,0,0,0,0,0,0,0,0,0,0,0,0,1990,0
Tanzania,TZA,0.082504258,0.074540415,0.075831128,0.072293807,0.096763055,0.113366089,0.103783988,0.087932132,0.080023231,0.090834424,0.093385195,0.103523394,0.106641883,0.14283777,0.157543975,0.16387681,0.150653382,0.147505112,0.139276768,0.163841549,0.193059357,0.223794525,0.237456366,0.223568261,0.253809224,0.262646711,0.255109842,0.260129573,0.287343157,0.275490064,0.30711083,0.293323534,0.290816515,1990,0.07980404
Uganda,UGA,0.046502787,0.04574919,0.044535502,0.038843688,0.048955594,0.052026348,0.053106587,0.060233242,0.060011314,0.058837132,0.058038423,0.064109518,0.065630383,0.066673995,0.079382651,0.089476965,0.104777086,0.109903377,0.117782653,0.1128592,0.122678941,0.12097874,0.119195036,0.127326044,0.143205247,0.148732632,0.149352666,0.158849224,0.157915287,0.15280556,0.165023884,0.152622807,0.148333419,1990,0.047251273
Ukraine,UKR,14.20448053,12.39161526,10.81181161,8.995316806,8.954446406,7.735067288,7.501869823,7.215933725,7.269270408,7.264858043,7.311881406,7.388393366,8.113813443,7.66588327,7.48273909,7.515197015,7.783519373,7.489089673,6.23415788,6.766214907,7.195809747,7.02924489,6.833021259,5.856825337,4.936916314,4.980389695,4.523703991,4.829840279,4.623106137,4.446227345,4.380606267,3.370030661,3.609532557,1990,15.0909308
Upper middle income,UMC,2.780250584,2.764794571,2.799524388,2.827821548,2.967251108,2.933954915,2.990267455,2.991732648,2.932636825,3.048308239,3.111041841,3.244215762,3.556671066,3.888868632,4.207346749,4.515521458,4.795204657,4.899759359,5.018806277,5.383073446,5.728920988,5.86014558,6.024242938,6.023440838,5.892398063,5.86256728,5.941623978,6.119012793,6.209094399,6.140897461,6.427829752,6.377770115,6.648815089,1990,2.761413687
Uruguay,URY,1.427929056,1.560530267,1.467678597,1.371581369,1.493773202,1.741807752,1.758359716,1.821299795,2.115355953,1.704301566,1.530915009,1.403777585,1.397970124,1.749875424,1.691444717,1.969444652,1.851841174,2.392906255,2.361838391,1.941041048,2.334989066,2.655033083,2.283178048,1.998638991,2.04265596,2.016581624,1.886090287,2.018804348,2.101138406,2.028762848,2.512471682,2.568747709,2.602446636,1990,1.268617509
United States,USA,19.52402473,19.55919092,19.75905147,19.83107523,19.79760063,20.14410752,20.90447192,20.82670362,20.6497237,21.01261815,20.62631384,19.91117273,19.96875246,20.08219708,19.9254743,19.40547459,19.49649028,18.70975171,17.18972167,17.85090292,17.03528917,16.21018542,16.53173219,16.47078163,16.00435368,15.56683313,15.25508255,15.65947559,15.12792529,13.47113117,14.32073016,14.36255989,13.97978851,1990,19.96534975
Uzbekistan,UZB,6.11175166,5.464212624,5.34014191,4.986691398,4.514497577,4.577093481,4.502516103,5.079820206,5.04252164,5.271570393,5.258501867,5.35900422,4.984116103,5.044002251,4.728645833,4.990755661,4.781635461,4.925554216,4.394379135,4.776275611,4.79911388,4.190240122,4.062613912,3.732002858,3.488009143,3.635121316,3.708879595,3.763443484,3.798193104,3.663313203,3.904187212,3.975831561,3.867915196,1990,6.247430974
St. Vincent and the Grenadines,VCT,0.248614354,0.300420411,0.243047856,0.447227191,0.48829248,0.434940196,0.525008618,0.585792543,0.592770319,0.366374565,0.425546911,0.48876459,0.528544029,0.568086143,0.586038239,0.64991876,0.698460518,0.732247721,1.121185797,0.880328122,0.626434627,0.801942319,0.75923614,0.855535407,0.887247569,0.949703335,1.031581538,0.969254522,0.973436885,0.794003439,0.884861096,0.89469455,0.950425866,1990,0.261152649
"Venezuela, RB",VEN,5.190078294,5.11146556,5.184450178,5.641092726,5.403373308,5.888616829,5.78552319,5.743979674,5.482034786,5.616151177,5.735786525,5.822307577,5.522772188,5.683224657,5.821561302,5.839545771,5.640874981,5.849464541,5.810618484,6.135771363,5.926193032,6.557181463,6.450983642,6.343541312,5.754227812,5.295943017,4.971591499,4.722444537,4.129462828,2.542856286,2.520643763,2.759258253,2.989143013,1990,5.173684787
British Virgin Islands,VGB,1.136714648,1.114927982,1.059509094,1.057106745,1.00896861,1.279597528,1.284922158,1.283917247,1.26710593,1.368509461,1.327178304,1.441903873,1.554170055,1.551505616,1.576167336,1.829094027,1.915950485,2.088405356,2.329340877,2.547425474,1.922675026,1.878398418,2.062896256,2.123657545,2.078381355,2.27876498,2.052050521,2.493002857,2.178870724,1.731520129,1.880504642,1.86330541,1.93151212,1990,1.165308202
Virgin Islands (U.S.),VIR,0.001908269,0.001891933,0.00187656,0.00186362,0.001854978,0.001850224,0.001845751,0.00184269,0.001841638,0.001840909,0.001842486,0.001843165,0.001843233,0.001843896,0.001844117,0.001845546,0.001846091,0.00184507,0.00184495,0.001845751,0.001846893,0.001848634,0.001851149,0.001853877,0.001856803,0.001860188,0.001864263,0.001869141,0.001874959,0.001881645,0.001889109,0.001897299,0.001906269,1990,0.001923761
Viet Nam,VNM,0.309698763,0.317802416,0.365025434,0.421460118,0.476726282,0.528697081,0.600995146,0.662279219,0.669643548,0.732528345,0.796089633,0.927432238,0.975515529,1.143802302,1.239502911,1.254923197,1.366235668,1.476183584,1.628072758,1.792016781,1.771157298,1.74437693,1.800403131,1.950599075,2.162230813,2.387814049,2.420792373,2.949586532,3.488039818,3.589588132,3.447766333,3.259415781,3.71639615,1990,0.314077409
Vanuatu,VUT,0.629146272,0.343812657,0.340517863,0.341673096,0.302745652,0.299571122,0.301787821,0.304520702,0.298272983,0.456299891,0.51771702,0.496775808,0.558417104,0.424381778,0.422755741,0.371891832,0.5915689,0.566779494,0.619599452,0.649743125,0.737655766,0.593451541,0.593362202,0.673608976,0.598269078,0.609731446,0.681850007,0.870437041,0.845933866,0.839529141,0.860174977,0.887409518,0.896666448,1990,0.692272884
World,WLD,4.10588606,4.013460082,3.967626007,3.942403986,3.989752535,4.004801499,4.015593472,3.97872601,3.947935355,4.014311043,4.013705175,4.017534837,4.15495128,4.286484417,4.392615233,4.48199722,4.591931535,4.564024059,4.457940078,4.676669327,4.766378223,4.779078838,4.815436772,4.781111679,4.698778615,4.654147002,4.675556933,4.743656106,4.70872239,4.465996784,4.671025051,4.632056966,4.678102317,1990,4.152282676
Samoa,WSM,0.756931652,0.735626515,0.83132488,0.84719824,0.76301333,0.765032288,0.781201597,0.798188983,0.791568437,1.036959573,1.111560006,1.140016588,1.155152888,1.130744326,1.164842923,1.1651013,1.261436904,1.28401374,1.295995572,1.363049999,1.374844001,1.364390477,1.405673129,1.431735129,1.628985737,1.740057691,1.758878368,1.726546618,1.919153399,1.930698675,2.007213056,2.103957521,2.16188274,1990,0.731179234
"Yemen, Rep.",YEM,0.616914484,0.640108332,0.557591105,0.620794399,0.666407488,0.659798026,0.687470292,0.709264381,0.774563807,0.802287346,0.829100075,0.807080902,0.910447191,0.92507108,0.966288629,0.974579243,1.000194012,1.005338456,1.065816652,0.984657208,0.833853674,0.773794512,0.982040294,0.938063592,0.457351862,0.331022352,0.314049887,0.356586038,0.355001429,0.318360139,0.310937762,0.292772318,0.276683903,1990,0.511763438
South Africa,ZAF,7.343380566,7.059861615,6.970379302,7.012358542,7.301031751,7.454470355,7.691038298,7.728992027,7.29232093,7.3642784,7.513709142,7.72159136,8.115215998,8.690525633,8.815496243,8.812379675,9.103039579,9.545388393,8.833346389,8.870813228,8.390151524,8.56950729,8.645864171,8.706711224,8.110416316,8.042260059,8.151473574,8.081821301,8.031639317,6.914741347,6.967724602,6.563286881,6.286315669,1990,7.711869465
Zambia,ZMB,0.392826045,0.383652045,0.339697497,0.278256197,0.268218025,0.220200836,0.270486409,0.247015315,0.197843841,0.194666783,0.190340415,0.194018585,0.203740214,0.202889383,0.210806225,0.198333772,0.175772786,0.181325647,0.196376843,0.209178356,0.227687107,0.291699626,0.29729209,0.315174628,0.324408264,0.343079986,0.40577204,0.448224835,0.379537707,0.392310459,0.39608017,0.387387685,0.388873461,1990,0.388894718
Zimbabwe,ZWE,1.840589973,1.794061312,1.627231248,1.521960338,1.482149826,1.408567209,1.297864954,1.291126146,1.430098024,1.227323621,1.213182434,1.096656233,0.887558316,0.83229715,0.91612627,0.842096017,0.818740434,0.634570989,0.604163956,0.753562972,1.165517162,0.921993355,0.907383632,0.886702448,0.881275682,0.771648845,0.714627029,0.816125523,0.73138176,0.584283212,0.672479507,0.682242939,0.718697015,1990,1.717294805
